{
    "all_version":
    [
    {
        "min_version":"6.3.7.0",
        "max_version":"6.3.15.255",
        
		"iPhone8,2":
		{
			"all_ios_version" : 
			{
				"engine_spkec": {"spkec_mode": "0"},
				"engine_agc" : {"agc_mode" : "3", "agc_targetdb" : "3","agc_gaindb" : "5","agc_flag" : "3","agc_limiter" : "1"}
			}
		},
		
		"iPhone8,1":
		{
			"all_ios_version" : 
			{
				"engine_spkec": {"spkec_mode": "0"},
				"engine_agc" : {"agc_mode" : "3", "agc_targetdb" : "3","agc_gaindb" : "5","agc_flag" : "3","agc_limiter" : "1"}
			}
		},
		
		"iPhone7,2":
		{
			"all_ios_version" : 
			{
				"engine_spkec": {"spkec_mode": "0"},
				"engine_agc" : {"agc_mode" : "3", "agc_targetdb" : "3","agc_gaindb" : "5","agc_flag" : "3","agc_limiter" : "1"}
			}
		},

		"iPhone7,1":
		{
			"all_ios_version" : 
			{
				"engine_spkec": {"spkec_mode": "0"},
				"engine_agc" : {"agc_mode" : "3", "agc_targetdb" : "3","agc_gaindb" : "5","agc_flag" : "3","agc_limiter" : "1"}
			}
		},
		
		"iPad4,7":
		{
			"all_ios_version" : 
			{
				"engine_spkec": {"spkec_mode": "0"},
				"engine_agc" : {"agc_mode" : "3", "agc_targetdb" : "3","agc_gaindb" : "6","agc_flag" : "3","agc_limiter" : "1"}
			}
		},

		"iPad4,8":
		{
			"all_ios_version" : 
			{
				"engine_spkec": {"spkec_mode": "0"},
				"engine_agc" : {"agc_mode" : "3", "agc_targetdb" : "3","agc_gaindb" : "6","agc_flag" : "3","agc_limiter" : "1"}
			}
		},

		"iPad4,9":
		{
			"all_ios_version" : 
			{
				"engine_spkec": {"spkec_mode": "0"},
				"engine_agc" : {"agc_mode" : "3", "agc_targetdb" : "3","agc_gaindb" : "6","agc_flag" : "3","agc_limiter" : "1"}
			}
		},

		"iPad5,3":
		{
			"all_ios_version" : 
			{
				"engine_spkec": {"spkec_mode": "0"},
				"engine_agc" : {"agc_mode" : "3", "agc_targetdb" : "3","agc_gaindb" : "6","agc_flag" : "3","agc_limiter" : "1"}
			}
		},

		"iPad5,4":
		{
			"all_ios_version" : 
			{
				"engine_spkec": {"spkec_mode": "0"},
				"engine_agc" : {"agc_mode" : "3", "agc_targetdb" : "3","agc_gaindb" : "6","agc_flag" : "3","agc_limiter" : "1"}
			}
		},
		
        "all_platform" : 
        {
            "all_ios_version" :
            {
                "engine_spkec" : {"spkec_mode" : "0"}
            }
        }
    },
	
	{
        "min_version":"6.3.16.0",
        "max_version":"6.3.22.255",
		
		 "iPhone8,2":
		{
			"all_ios_version" : 
			{
				"voip_videosetting": {"cap_res" : "480", "cap_fps" : "24","enc_HWcap" : "0","enc_maxSWRes" : "480","enc_maxSWFps" : "30","enc_maxHWRes" : "480","enc_maxHWFps" : "30"},
				"engine_spkec": {"spkec_mode": "0"},
				"engine_agc" : {"agc_mode" : "3", "agc_targetdb" : "3","agc_gaindb" : "10","agc_flag" : "1","agc_limiter" : "1"}
			}
		},
		
		"iPhone8,1":
		{
			"all_ios_version" : 
			{
				"voip_videosetting": {"cap_res" : "480", "cap_fps" : "24","enc_HWcap" : "0","enc_maxSWRes" : "480","enc_maxSWFps" : "30","enc_maxHWRes" : "480","enc_maxHWFps" : "30"},
				"engine_spkec": {"spkec_mode": "0"},
				"engine_agc" : {"agc_mode" : "3", "agc_targetdb" : "3","agc_gaindb" : "10","agc_flag" : "1","agc_limiter" : "1"}
			}
		},
		
		"iPhone7,2":
		{
			"all_ios_version" : 
			{
				"voip_videosetting": {"cap_res" : "480", "cap_fps" : "24","enc_HWcap" : "0","enc_maxSWRes" : "480","enc_maxSWFps" : "30","enc_maxHWRes" : "480","enc_maxHWFps" : "30"},			
				"engine_spkec": {"spkec_mode": "0"},
				"engine_agc" : {"agc_mode" : "3", "agc_targetdb" : "3","agc_gaindb" : "10","agc_flag" : "1","agc_limiter" : "1"}
			}
		},

		"iPhone7,1":
		{
			"all_ios_version" : 
			{
				"voip_videosetting": {"cap_res" : "480", "cap_fps" : "24","enc_HWcap" : "0","enc_maxSWRes" : "480","enc_maxSWFps" : "30","enc_maxHWRes" : "480","enc_maxHWFps" : "30"},
				"engine_spkec": {"spkec_mode": "0"},
				"engine_agc" : {"agc_mode" : "3", "agc_targetdb" : "3","agc_gaindb" : "10","agc_flag" : "1","agc_limiter" : "1"}
			}
		},

        "iPad4,7":
		{
			"all_ios_version" : 
			{
				"voip_videosetting": {"cap_res" : "480", "cap_fps" : "24","enc_HWcap" : "0","enc_maxSWRes" : "480","enc_maxSWFps" : "30","enc_maxHWRes" : "480","enc_maxHWFps" : "30"},
				"engine_spkec": {"spkec_mode": "0"},
				"engine_agc" : {"agc_mode" : "3", "agc_targetdb" : "3","agc_gaindb" : "6","agc_flag" : "3","agc_limiter" : "1"}
			}
		},

		"iPad4,8":
		{
			"all_ios_version" : 
			{
				"voip_videosetting": {"cap_res" : "480", "cap_fps" : "24","enc_HWcap" : "0","enc_maxSWRes" : "480","enc_maxSWFps" : "30","enc_maxHWRes" : "480","enc_maxHWFps" : "30"},
				"engine_spkec": {"spkec_mode": "0"},
				"engine_agc" : {"agc_mode" : "3", "agc_targetdb" : "3","agc_gaindb" : "6","agc_flag" : "3","agc_limiter" : "1"}
			}
		},

		"iPad4,9":
		{
			"all_ios_version" : 
			{
				"voip_videosetting": {"cap_res" : "480", "cap_fps" : "24","enc_HWcap" : "0","enc_maxSWRes" : "480","enc_maxSWFps" : "30","enc_maxHWRes" : "480","enc_maxHWFps" : "30"},
				"engine_spkec": {"spkec_mode": "0"},
				"engine_agc" : {"agc_mode" : "3", "agc_targetdb" : "3","agc_gaindb" : "6","agc_flag" : "3","agc_limiter" : "1"}
			}
		},

		"iPad5,3":
		{
			"all_ios_version" : 
			{
				"voip_videosetting": {"cap_res" : "480", "cap_fps" : "24","enc_HWcap" : "0","enc_maxSWRes" : "480","enc_maxSWFps" : "30","enc_maxHWRes" : "480","enc_maxHWFps" : "30"},
				"engine_spkec": {"spkec_mode": "0"},
				"engine_agc" : {"agc_mode" : "3", "agc_targetdb" : "3","agc_gaindb" : "6","agc_flag" : "3","agc_limiter" : "1"}
			}
		},

		"iPad5,4":
		{
			"all_ios_version" : 
			{
				"voip_videosetting": {"cap_res" : "480", "cap_fps" : "24","enc_HWcap" : "0","enc_maxSWRes" : "480","enc_maxSWFps" : "30","enc_maxHWRes" : "480","enc_maxHWFps" : "30"},
				"engine_spkec": {"spkec_mode": "0"},
				"engine_agc" : {"agc_mode" : "3", "agc_targetdb" : "3","agc_gaindb" : "6","agc_flag" : "3","agc_limiter" : "1"}
			}
		},

        "all_platform" : 
        {
            "all_ios_version" :
            {
				"voip_videosetting": {"cap_res" : "480", "cap_fps" : "24","enc_HWcap" : "0","enc_maxSWRes" : "480","enc_maxSWFps" : "30","enc_maxHWRes" : "480","enc_maxHWFps" : "30"},
                "engine_spkec" : {"spkec_mode" : "0"}
            }
        }
		
	},

    {
        "min_version":"6.3.23.0",
        "max_version":"6.5.7.255",

        "iPhone9,4":
		{
			"all_ios_version" : 
			{
				"engine_aec": {"aec_mode": "-2"},
				"engine_ns": {"ns_mode": "-2"},
				"voip_subtype": {"subtype": "0"},
				"engine_spkec": {"spkec_mode": "0"},
				"engine_agc" : {"agc_mode" : "3", "agc_targetdb" : "3","agc_gaindb" : "10","agc_flag" : "1","agc_limiter" : "1"}
			}
		},

		"iPhone9,3":
		{
			"all_ios_version" : 
			{
				"engine_aec": {"aec_mode": "-2"},
				"engine_ns": {"ns_mode": "-2"},
				"voip_subtype": {"subtype": "0"},
				"engine_spkec": {"spkec_mode": "0"},
				"engine_agc" : {"agc_mode" : "3", "agc_targetdb" : "3","agc_gaindb" : "10","agc_flag" : "1","agc_limiter" : "1"}
			}
		},

        "iPhone9,2":
		{
			"all_ios_version" : 
			{
				"engine_aec": {"aec_mode": "-2"},
				"engine_ns": {"ns_mode": "-2"},
				"voip_subtype": {"subtype": "0"},
				"engine_spkec": {"spkec_mode": "0"},
				"engine_agc" : {"agc_mode" : "3", "agc_targetdb" : "3","agc_gaindb" : "10","agc_flag" : "1","agc_limiter" : "1"}
			}
		},

		"iPhone9,1":
		{
			"all_ios_version" : 
			{
				"engine_aec": {"aec_mode": "-2"},
				"engine_ns": {"ns_mode": "-2"},
				"voip_subtype": {"subtype": "0"},
				"engine_spkec": {"spkec_mode": "0"},
				"engine_agc" : {"agc_mode" : "3", "agc_targetdb" : "3","agc_gaindb" : "10","agc_flag" : "1","agc_limiter" : "1"}
			}
		},

        "iPhone8,2":
		{
			"all_ios_version" : 
			{
				"engine_spkec": {"spkec_mode": "0"},
				"engine_agc" : {"agc_mode" : "3", "agc_targetdb" : "3","agc_gaindb" : "10","agc_flag" : "1","agc_limiter" : "1"}
			}
		},
		
		"iPhone8,1":
		{
			"all_ios_version" : 
			{
				"engine_spkec": {"spkec_mode": "0"},
				"engine_agc" : {"agc_mode" : "3", "agc_targetdb" : "3","agc_gaindb" : "10","agc_flag" : "1","agc_limiter" : "1"}
			}
		},
		
		"iPhone7,2":
		{
			"all_ios_version" : 
			{
				"engine_spkec": {"spkec_mode": "0"},
				"engine_agc" : {"agc_mode" : "3", "agc_targetdb" : "3","agc_gaindb" : "10","agc_flag" : "1","agc_limiter" : "1"}
			}
		},

		"iPhone7,1":
		{
			"all_ios_version" : 
			{
				"engine_spkec": {"spkec_mode": "29"},
				"engine_agc" : {"agc_mode" : "3", "agc_targetdb" : "3","agc_gaindb" : "10","agc_flag" : "1","agc_limiter" : "1"}
			}
		},

        "iPad4,7":
		{
			"all_ios_version" : 
			{
				"engine_spkec": {"spkec_mode": "0"},
				"engine_agc" : {"agc_mode" : "3", "agc_targetdb" : "3","agc_gaindb" : "6","agc_flag" : "3","agc_limiter" : "1"}
			}
		},

		"iPad4,8":
		{
			"all_ios_version" : 
			{
				"engine_spkec": {"spkec_mode": "0"},
				"engine_agc" : {"agc_mode" : "3", "agc_targetdb" : "3","agc_gaindb" : "6","agc_flag" : "3","agc_limiter" : "1"}
			}
		},

		"iPad4,9":
		{
			"all_ios_version" : 
			{
				"engine_spkec": {"spkec_mode": "0"},
				"engine_agc" : {"agc_mode" : "3", "agc_targetdb" : "3","agc_gaindb" : "6","agc_flag" : "3","agc_limiter" : "1"}
			}
		},

		"iPad5,3":
		{
			"all_ios_version" : 
			{
				"engine_spkec": {"spkec_mode": "0"},
				"engine_agc" : {"agc_mode" : "3", "agc_targetdb" : "3","agc_gaindb" : "6","agc_flag" : "3","agc_limiter" : "1"}
			}
		},

		"iPad5,4":
		{
			"all_ios_version" : 
			{
				"engine_spkec": {"spkec_mode": "0"},
				"engine_agc" : {"agc_mode" : "3", "agc_targetdb" : "3","agc_gaindb" : "6","agc_flag" : "3","agc_limiter" : "1"}
			}
		},

        "all_platform" : 
        {
            "all_ios_version" :
            {
                "engine_spkec" : {"spkec_mode" : "0"}
            }
        }
    },
	
	{
        "min_version":"6.5.8.0",
        "max_version":"7.0.7.255",

        "iPhone12,5":
		{
			"all_ios_version" : 
			{
				"engine_aec": {"aec_mode": "-2"},
				"engine_ns": {"ns_mode": "2"},
				"voip_subtype": {"subtype": "0"},
				"engine_spkec": {"spkec_mode": "0"},
				"multi_aec" : {"aec_mode" : "-2"},
				"multi_ns" : {"ns_mode" : "1"}
			}
		},

        "iPhone12,3":
		{
			"all_ios_version" : 
			{
				"engine_aec": {"aec_mode": "-2"},
				"engine_ns": {"ns_mode": "2"},
				"voip_subtype": {"subtype": "0"},
				"engine_spkec": {"spkec_mode": "0"},
				"multi_aec" : {"aec_mode" : "-2"},
				"multi_ns" : {"ns_mode" : "1"}
			}
		},

        "iPhone12,1":
		{
			"all_ios_version" : 
			{
				"engine_aec": {"aec_mode": "-2"},
				"engine_ns": {"ns_mode": "2"},
				"voip_subtype": {"subtype": "0"},
				"engine_spkec": {"spkec_mode": "0"},
				"multi_aec" : {"aec_mode" : "-2"},
				"multi_ns" : {"ns_mode" : "1"}
			}
		},

        "iPhone11,8":
		{
			"all_ios_version" : 
			{
				"engine_aec": {"aec_mode": "-2"},
				"engine_ns": {"ns_mode": "2"},
				"voip_subtype": {"subtype": "0"},
				"engine_spkec": {"spkec_mode": "0"},
				"multi_aec" : {"aec_mode" : "-2"},
				"multi_ns" : {"ns_mode" : "1"}
			}
		},

        "iPhone11,6":
		{
			"all_ios_version" : 
			{
				"engine_aec": {"aec_mode": "-2"},
				"engine_ns": {"ns_mode": "2"},
				"voip_subtype": {"subtype": "0"},
				"engine_spkec": {"spkec_mode": "0"},
				"multi_aec" : {"aec_mode" : "-2"},
				"multi_ns" : {"ns_mode" : "1"}
			}
		},

        "iPhone11,4":
		{
			"all_ios_version" : 
			{
				"engine_aec": {"aec_mode": "-2"},
				"engine_ns": {"ns_mode": "2"},
				"voip_subtype": {"subtype": "0"},
				"engine_spkec": {"spkec_mode": "0"},
				"multi_aec" : {"aec_mode" : "-2"},
				"multi_ns" : {"ns_mode" : "1"}
			}
		},

        "iPhone11,2":
		{
			"all_ios_version" : 
			{
				"engine_aec": {"aec_mode": "-2"},
				"engine_ns": {"ns_mode": "2"},
				"voip_subtype": {"subtype": "0"},
				"engine_spkec": {"spkec_mode": "0"},
				"multi_aec" : {"aec_mode" : "-2"},
				"multi_ns" : {"ns_mode" : "1"}
			}
		},

        "iPhone10,6":
		{
			"all_ios_version" : 
			{
				"engine_aec": {"aec_mode": "-2"},
				"engine_ns": {"ns_mode": "2"},
				"voip_subtype": {"subtype": "0"},
				"engine_spkec": {"spkec_mode": "0"},
				"multi_aec" : {"aec_mode" : "-2"},
				"multi_ns" : {"ns_mode" : "1"}
			}
		},

		"iPhone10,5":
		{
			"all_ios_version" : 
			{
				"engine_aec": {"aec_mode": "-2"},
				"engine_ns": {"ns_mode": "2"},
				"voip_subtype": {"subtype": "0"},
				"engine_spkec": {"spkec_mode": "0"},
				"multi_aec" : {"aec_mode" : "-2"},
				"multi_ns" : {"ns_mode" : "1"}
			}
		},

		"iPhone10,4":
		{
			"all_ios_version" : 
			{
				"engine_aec": {"aec_mode": "-2"},
				"engine_ns": {"ns_mode": "2"},
				"voip_subtype": {"subtype": "0"},
				"engine_spkec": {"spkec_mode": "0"},
				"multi_aec" : {"aec_mode" : "-2"},
				"multi_ns" : {"ns_mode" : "1"}
			}
		},

		"iPhone10,3":
		{
			"all_ios_version" : 
			{
				"engine_aec": {"aec_mode": "-2"},
				"engine_ns": {"ns_mode": "2"},
				"voip_subtype": {"subtype": "0"},
				"engine_spkec": {"spkec_mode": "0"},
				"multi_aec" : {"aec_mode" : "-2"},
				"multi_ns" : {"ns_mode" : "1"}
			}
		},

		"iPhone10,2":
		{
			"all_ios_version" : 
			{
				"engine_aec": {"aec_mode": "-2"},
				"engine_ns": {"ns_mode": "2"},
				"voip_subtype": {"subtype": "0"},
				"engine_spkec": {"spkec_mode": "0"},
				"multi_aec" : {"aec_mode" : "-2"},
				"multi_ns" : {"ns_mode" : "1"}
			}
		},

		"iPhone10,1":
		{
			"all_ios_version" : 
			{
				"engine_aec": {"aec_mode": "-2"},
				"engine_ns": {"ns_mode": "2"},
				"voip_subtype": {"subtype": "0"},
				"engine_spkec": {"spkec_mode": "0"},
				"multi_aec" : {"aec_mode" : "-2"},
				"multi_ns" : {"ns_mode" : "1"}
			}
		},

        "iPhone9,4":
		{
			"all_ios_version" : 
			{
				"engine_aec": {"aec_mode": "-2"},
				"engine_ns": {"ns_mode": "2"},
				"voip_subtype": {"subtype": "0"},
				"engine_spkec": {"spkec_mode": "0"},
				"engine_agc" : {"agc_mode" : "3", "agc_targetdb" : "3","agc_gaindb" : "10","agc_flag" : "1","agc_limiter" : "1"},
				"multi_aec" : {"aec_mode" : "-2"},
				"multi_ns" : {"ns_mode" : "1"}
			}
		},

		"iPhone9,3":
		{
			"all_ios_version" : 
			{
				"engine_aec": {"aec_mode": "-2"},
				"engine_ns": {"ns_mode": "2"},
				"voip_subtype": {"subtype": "0"},
				"engine_spkec": {"spkec_mode": "0"},
				"engine_agc" : {"agc_mode" : "3", "agc_targetdb" : "3","agc_gaindb" : "10","agc_flag" : "1","agc_limiter" : "1"},
				"multi_aec" : {"aec_mode" : "-2"},
				"multi_ns" : {"ns_mode" : "1"}
			}
		},

        "iPhone9,2":
		{
			"all_ios_version" : 
			{
				"engine_aec": {"aec_mode": "-2"},
				"engine_ns": {"ns_mode": "2"},
				"voip_subtype": {"subtype": "0"},
				"engine_spkec": {"spkec_mode": "0"},
				"engine_agc" : {"agc_mode" : "3", "agc_targetdb" : "3","agc_gaindb" : "10","agc_flag" : "1","agc_limiter" : "1"},
				"multi_aec" : {"aec_mode" : "-2"},
				"multi_ns" : {"ns_mode" : "1"}
			}
		},

		"iPhone9,1":
		{
			"all_ios_version" : 
			{
				"engine_aec": {"aec_mode": "-2"},
				"engine_ns": {"ns_mode": "2"},
				"voip_subtype": {"subtype": "0"},
				"engine_spkec": {"spkec_mode": "0"},
				"engine_agc" : {"agc_mode" : "3", "agc_targetdb" : "3","agc_gaindb" : "10","agc_flag" : "1","agc_limiter" : "1"},
				"multi_aec" : {"aec_mode" : "-2"},
				"multi_ns" : {"ns_mode" : "1"}
			}
		},

		"iPhone8,4":
		{
			"all_ios_version" : 
			{
				"engine_spkec": {"spkec_mode": "0"},
				"multi_aec" : {"aec_mode" : "-2"},
				"multi_ns" : {"ns_mode" : "1"}
			}
		},
		
		"iPhone8,3":
		{
			"all_ios_version" : 
			{
				"engine_spkec": {"spkec_mode": "0"},
				"multi_aec" : {"aec_mode" : "-2"},
				"multi_ns" : {"ns_mode" : "1"}
			}
		},

        "iPhone8,2":
		{
			"all_ios_version" : 
			{
				"engine_spkec": {"spkec_mode": "0"},
				"engine_agc" : {"agc_mode" : "3", "agc_targetdb" : "3","agc_gaindb" : "10","agc_flag" : "1","agc_limiter" : "1"},
				"multi_aec" : {"aec_mode" : "-2"},
				"multi_ns" : {"ns_mode" : "1"}
			}
		},
		
		"iPhone8,1":
		{
			"all_ios_version" : 
			{
				"engine_spkec": {"spkec_mode": "0"},
				"engine_agc" : {"agc_mode" : "3", "agc_targetdb" : "3","agc_gaindb" : "10","agc_flag" : "1","agc_limiter" : "1"},
				"multi_aec" : {"aec_mode" : "-2"},
				"multi_ns" : {"ns_mode" : "1"}
			}
		},
		
		"iPhone7,2":
		{
			"all_ios_version" : 
			{
				"engine_spkec": {"spkec_mode": "0"},
				"engine_agc" : {"agc_mode" : "3", "agc_targetdb" : "3","agc_gaindb" : "10","agc_flag" : "1","agc_limiter" : "1"},
				"multi_aec" : {"aec_mode" : "-2"},
				"multi_ns" : {"ns_mode" : "1"},
				"voip_videosetting": {"enc_beauty" : "0"}

			}
		},

		"iPhone7,1":
		{
			"all_ios_version" : 
			{
				"engine_spkec": {"spkec_mode": "29"},
				"engine_agc" : {"agc_mode" : "3", "agc_targetdb" : "3","agc_gaindb" : "10","agc_flag" : "1","agc_limiter" : "1"},
				"multi_aec" : {"aec_mode" : "-2"},
				"multi_ns" : {"ns_mode" : "1"},
				"voip_videosetting": {"enc_beauty" : "0"}
			}
		},

		"iPhone6,2":
		{
			"all_ios_version" : 
			{
				"multi_aec" : {"aec_mode" : "-2"}
			}
		},

		"iPhone6,1":
		{
			"all_ios_version" : 
			{
				"multi_aec" : {"aec_mode" : "-2"}
			}
		},

		"iPhone5,4":
		{
			"all_ios_version" : 
			{
				"multi_aec" : {"aec_mode" : "-2"}
			}
		},
		"iPhone5,3":
		{
			"all_ios_version" : 
			{
				"multi_aec" : {"aec_mode" : "-2"}
			}
		},
		"iPhone5,2":
		{
			"all_ios_version" : 
			{
				"multi_aec" : {"aec_mode" : "-2"}
			}
		},
		"iPhone5,1":
		{
			"all_ios_version" : 
			{
				"multi_aec" : {"aec_mode" : "-2"}
			}
		},


        "iPad4,7":
		{
			"all_ios_version" : 
			{
				"engine_spkec": {"spkec_mode": "0"},
				"engine_agc" : {"agc_mode" : "3", "agc_targetdb" : "3","agc_gaindb" : "6","agc_flag" : "3","agc_limiter" : "1"},
				"multi_aec" : {"aec_mode" : "-2"}
			}
		},

		"iPad4,8":
		{
			"all_ios_version" : 
			{
				"engine_spkec": {"spkec_mode": "0"},
				"engine_agc" : {"agc_mode" : "3", "agc_targetdb" : "3","agc_gaindb" : "6","agc_flag" : "3","agc_limiter" : "1"},
				"multi_aec" : {"aec_mode" : "-2"}
			}
		},

		"iPad4,9":
		{
			"all_ios_version" : 
			{
				"engine_spkec": {"spkec_mode": "0"},
				"engine_agc" : {"agc_mode" : "3", "agc_targetdb" : "3","agc_gaindb" : "6","agc_flag" : "3","agc_limiter" : "1"},
				"multi_aec" : {"aec_mode" : "-2"}
			}
		},

		"iPad5,3":
		{
			"all_ios_version" : 
			{
				"engine_spkec": {"spkec_mode": "0"},
				"engine_agc" : {"agc_mode" : "3", "agc_targetdb" : "3","agc_gaindb" : "6","agc_flag" : "3","agc_limiter" : "1"},
				"multi_aec" : {"aec_mode" : "-2"}
			}
		},

		"iPad5,4":
		{
			"all_ios_version" : 
			{
				"engine_spkec": {"spkec_mode": "0"},
				"engine_agc" : {"agc_mode" : "3", "agc_targetdb" : "3","agc_gaindb" : "6","agc_flag" : "3","agc_limiter" : "1"},
				"multi_aec" : {"aec_mode" : "-2"}
			}
		},

        "all_platform" : 
        {
            "all_ios_version" :
            {
                "engine_spkec" : {"spkec_mode" : "0"}
            }
        }
    },
	
	{
        "min_version":"7.0.8.0",
        "max_version":"7.0.8.255",

        "iPhone12,5":
		{
			"all_ios_version" : 
			{
				"engine_aec": {"aec_mode": "-2"},
				"engine_ns": {"ns_mode": "2"},
				"voip_subtype": {"subtype": "0"},
				"engine_spkec": {"spkec_mode": "0"},
				"engine_agc" : {"agc_mode" : "3", "agc_targetdb" : "3","agc_gaindb" : "0","agc_flag" : "3","agc_limiter" : "1"},
				"multi_aec" : {"aec_mode" : "6"},
				"multi_ns" : {"ns_mode" : "1"},
				"multi_agc" : {"agc_mode" : "3", "agc_targetdb" : "3","agc_gaindb" : "0","agc_flag" : "3","agc_limiter" : "1"}
			}
		},

        "iPhone12,3":
		{
			"all_ios_version" : 
			{
				"engine_aec": {"aec_mode": "-2"},
				"engine_ns": {"ns_mode": "2"},
				"voip_subtype": {"subtype": "0"},
				"engine_spkec": {"spkec_mode": "0"},
				"engine_agc" : {"agc_mode" : "3", "agc_targetdb" : "3","agc_gaindb" : "0","agc_flag" : "3","agc_limiter" : "1"},
				"multi_aec" : {"aec_mode" : "6"},
				"multi_ns" : {"ns_mode" : "1"},
				"multi_agc" : {"agc_mode" : "3", "agc_targetdb" : "3","agc_gaindb" : "0","agc_flag" : "3","agc_limiter" : "1"}
			}
		},

        "iPhone12,1":
		{
			"all_ios_version" : 
			{
				"engine_aec": {"aec_mode": "-2"},
				"engine_ns": {"ns_mode": "2"},
				"voip_subtype": {"subtype": "0"},
				"engine_spkec": {"spkec_mode": "0"},
				"engine_agc" : {"agc_mode" : "3", "agc_targetdb" : "3","agc_gaindb" : "0","agc_flag" : "3","agc_limiter" : "1"},
				"multi_aec" : {"aec_mode" : "6"},
				"multi_ns" : {"ns_mode" : "1"},
				"multi_agc" : {"agc_mode" : "3", "agc_targetdb" : "3","agc_gaindb" : "0","agc_flag" : "3","agc_limiter" : "1"}
			}
		},

        "iPhone11,8":
		{
			"all_ios_version" : 
			{
				"engine_aec": {"aec_mode": "-2"},
				"engine_ns": {"ns_mode": "2"},
				"voip_subtype": {"subtype": "0"},
				"engine_spkec": {"spkec_mode": "0"},
				"engine_agc" : {"agc_mode" : "3", "agc_targetdb" : "3","agc_gaindb" : "0","agc_flag" : "3","agc_limiter" : "1"},
				"multi_aec" : {"aec_mode" : "6"},
				"multi_ns" : {"ns_mode" : "1"},
				"multi_agc" : {"agc_mode" : "3", "agc_targetdb" : "3","agc_gaindb" : "0","agc_flag" : "3","agc_limiter" : "1"}
			}
		},

        "iPhone11,6":
		{
			"all_ios_version" : 
			{
				"engine_aec": {"aec_mode": "-2"},
				"engine_ns": {"ns_mode": "2"},
				"voip_subtype": {"subtype": "0"},
				"engine_spkec": {"spkec_mode": "0"},
				"engine_agc" : {"agc_mode" : "3", "agc_targetdb" : "3","agc_gaindb" : "0","agc_flag" : "3","agc_limiter" : "1"},
				"multi_aec" : {"aec_mode" : "6"},
				"multi_ns" : {"ns_mode" : "1"},
				"multi_agc" : {"agc_mode" : "3", "agc_targetdb" : "3","agc_gaindb" : "0","agc_flag" : "3","agc_limiter" : "1"}
			}
		},

        "iPhone11,4":
		{
			"all_ios_version" : 
			{
				"engine_aec": {"aec_mode": "-2"},
				"engine_ns": {"ns_mode": "2"},
				"voip_subtype": {"subtype": "0"},
				"engine_spkec": {"spkec_mode": "0"},
				"engine_agc" : {"agc_mode" : "3", "agc_targetdb" : "3","agc_gaindb" : "0","agc_flag" : "3","agc_limiter" : "1"},
				"multi_aec" : {"aec_mode" : "6"},
				"multi_ns" : {"ns_mode" : "1"},
				"multi_agc" : {"agc_mode" : "3", "agc_targetdb" : "3","agc_gaindb" : "0","agc_flag" : "3","agc_limiter" : "1"}
			}
		},

        "iPhone11,2":
		{
			"all_ios_version" : 
			{
				"engine_aec": {"aec_mode": "-2"},
				"engine_ns": {"ns_mode": "2"},
				"voip_subtype": {"subtype": "0"},
				"engine_spkec": {"spkec_mode": "0"},
				"engine_agc" : {"agc_mode" : "3", "agc_targetdb" : "3","agc_gaindb" : "0","agc_flag" : "3","agc_limiter" : "1"},
				"multi_aec" : {"aec_mode" : "6"},
				"multi_ns" : {"ns_mode" : "1"},
				"multi_agc" : {"agc_mode" : "3", "agc_targetdb" : "3","agc_gaindb" : "0","agc_flag" : "3","agc_limiter" : "1"}
			}
		},

        "iPhone10,6":
		{
			"all_ios_version" : 
			{
				"engine_aec": {"aec_mode": "-2"},
				"engine_ns": {"ns_mode": "2"},
				"voip_subtype": {"subtype": "0"},
				"engine_spkec": {"spkec_mode": "0"},
				"engine_agc" : {"agc_mode" : "3", "agc_targetdb" : "3","agc_gaindb" : "0","agc_flag" : "3","agc_limiter" : "1"},
				"multi_aec" : {"aec_mode" : "6"},
				"multi_ns" : {"ns_mode" : "1"},
				"multi_agc" : {"agc_mode" : "3", "agc_targetdb" : "3","agc_gaindb" : "0","agc_flag" : "3","agc_limiter" : "1"}
			}
		},

		"iPhone10,5":
		{
			"all_ios_version" : 
			{
				"engine_aec": {"aec_mode": "-2"},
				"engine_ns": {"ns_mode": "2"},
				"voip_subtype": {"subtype": "0"},
				"engine_spkec": {"spkec_mode": "0"},
				"engine_agc" : {"agc_mode" : "3", "agc_targetdb" : "3","agc_gaindb" : "0","agc_flag" : "3","agc_limiter" : "1"},
				"multi_aec" : {"aec_mode" : "6"},
				"multi_ns" : {"ns_mode" : "1"},
				"multi_agc" : {"agc_mode" : "3", "agc_targetdb" : "3","agc_gaindb" : "0","agc_flag" : "3","agc_limiter" : "1"}
			}
		},

		"iPhone10,4":
		{
			"all_ios_version" : 
			{
				"engine_aec": {"aec_mode": "-2"},
				"engine_ns": {"ns_mode": "2"},
				"voip_subtype": {"subtype": "0"},
				"engine_spkec": {"spkec_mode": "0"},
				"engine_agc" : {"agc_mode" : "3", "agc_targetdb" : "3","agc_gaindb" : "0","agc_flag" : "3","agc_limiter" : "1"},
				"multi_aec" : {"aec_mode" : "6"},
				"multi_ns" : {"ns_mode" : "1"},
				"multi_agc" : {"agc_mode" : "3", "agc_targetdb" : "3","agc_gaindb" : "0","agc_flag" : "3","agc_limiter" : "1"}
			}
		},

		"iPhone10,3":
		{
			"all_ios_version" : 
			{
				"engine_aec": {"aec_mode": "-2"},
				"engine_ns": {"ns_mode": "2"},
				"voip_subtype": {"subtype": "0"},
				"engine_spkec": {"spkec_mode": "0"},
				"engine_agc" : {"agc_mode" : "3", "agc_targetdb" : "3","agc_gaindb" : "0","agc_flag" : "3","agc_limiter" : "1"},
				"multi_aec" : {"aec_mode" : "6"},
				"multi_ns" : {"ns_mode" : "1"},
				"multi_agc" : {"agc_mode" : "3", "agc_targetdb" : "3","agc_gaindb" : "0","agc_flag" : "3","agc_limiter" : "1"}
			}
		},

		"iPhone10,2":
		{
			"all_ios_version" : 
			{
				"engine_aec": {"aec_mode": "-2"},
				"engine_ns": {"ns_mode": "2"},
				"voip_subtype": {"subtype": "0"},
				"engine_spkec": {"spkec_mode": "0"},
				"engine_agc" : {"agc_mode" : "3", "agc_targetdb" : "3","agc_gaindb" : "0","agc_flag" : "3","agc_limiter" : "1"},
				"multi_aec" : {"aec_mode" : "6"},
				"multi_ns" : {"ns_mode" : "1"},
				"multi_agc" : {"agc_mode" : "3", "agc_targetdb" : "3","agc_gaindb" : "0","agc_flag" : "3","agc_limiter" : "1"}
			}
		},

		"iPhone10,1":
		{
			"all_ios_version" : 
			{
				"engine_aec": {"aec_mode": "-2"},
				"engine_ns": {"ns_mode": "2"},
				"voip_subtype": {"subtype": "0"},
				"engine_spkec": {"spkec_mode": "0"},
				"engine_agc" : {"agc_mode" : "3", "agc_targetdb" : "3","agc_gaindb" : "0","agc_flag" : "3","agc_limiter" : "1"},
				"multi_aec" : {"aec_mode" : "6"},
				"multi_ns" : {"ns_mode" : "1"},
				"multi_agc" : {"agc_mode" : "3", "agc_targetdb" : "3","agc_gaindb" : "0","agc_flag" : "3","agc_limiter" : "1"}
			}
		},

        "iPhone9,4":
		{
			"all_ios_version" : 
			{
				"engine_aec": {"aec_mode": "-2"},
				"engine_ns": {"ns_mode": "2"},
				"voip_subtype": {"subtype": "0"},
				"engine_spkec": {"spkec_mode": "0"},
				"engine_agc" : {"agc_mode" : "3", "agc_targetdb" : "3","agc_gaindb" : "0","agc_flag" : "3","agc_limiter" : "1"},
				"multi_aec" : {"aec_mode" : "6"},
				"multi_ns" : {"ns_mode" : "1"},
				"multi_agc" : {"agc_mode" : "3", "agc_targetdb" : "3","agc_gaindb" : "0","agc_flag" : "3","agc_limiter" : "1"}
			}
		},

		"iPhone9,3":
		{
			"all_ios_version" : 
			{
				"engine_aec": {"aec_mode": "-2"},
				"engine_ns": {"ns_mode": "2"},
				"voip_subtype": {"subtype": "0"},
				"engine_spkec": {"spkec_mode": "0"},
				"engine_agc" : {"agc_mode" : "3", "agc_targetdb" : "3","agc_gaindb" : "0","agc_flag" : "3","agc_limiter" : "1"},
				"multi_aec" : {"aec_mode" : "6"},
				"multi_ns" : {"ns_mode" : "1"},
				"multi_agc" : {"agc_mode" : "3", "agc_targetdb" : "3","agc_gaindb" : "0","agc_flag" : "3","agc_limiter" : "1"}
			}
		},

        "iPhone9,2":
		{
			"all_ios_version" : 
			{
				"engine_aec": {"aec_mode": "-2"},
				"engine_ns": {"ns_mode": "2"},
				"voip_subtype": {"subtype": "0"},
				"engine_spkec": {"spkec_mode": "0"},
				"engine_agc" : {"agc_mode" : "3", "agc_targetdb" : "3","agc_gaindb" : "0","agc_flag" : "3","agc_limiter" : "1"},
				"multi_aec" : {"aec_mode" : "6"},
				"multi_ns" : {"ns_mode" : "1"},
				"multi_agc" : {"agc_mode" : "3", "agc_targetdb" : "3","agc_gaindb" : "0","agc_flag" : "3","agc_limiter" : "1"}
			}
		},

		"iPhone9,1":
		{
			"all_ios_version" : 
			{
				"engine_aec": {"aec_mode": "-2"},
				"engine_ns": {"ns_mode": "2"},
				"voip_subtype": {"subtype": "0"},
				"engine_spkec": {"spkec_mode": "0"},
				"engine_agc" : {"agc_mode" : "3", "agc_targetdb" : "3","agc_gaindb" : "0","agc_flag" : "3","agc_limiter" : "1"},
				"multi_aec" : {"aec_mode" : "6"},
				"multi_ns" : {"ns_mode" : "1"},
				"multi_agc" : {"agc_mode" : "3", "agc_targetdb" : "3","agc_gaindb" : "0","agc_flag" : "3","agc_limiter" : "1"}
			}
		},

		"iPhone8,4":
		{
			"all_ios_version" : 
			{
				"engine_spkec": {"spkec_mode": "0"},
				"engine_agc" : {"agc_mode" : "3", "agc_targetdb" : "3","agc_gaindb" : "0","agc_flag" : "3","agc_limiter" : "1"},
				"multi_aec" : {"aec_mode" : "6"},
				"multi_ns" : {"ns_mode" : "1"},
				"multi_agc" : {"agc_mode" : "3", "agc_targetdb" : "3","agc_gaindb" : "0","agc_flag" : "3","agc_limiter" : "1"}
			}
		},
		
		"iPhone8,3":
		{
			"all_ios_version" : 
			{
				"engine_spkec": {"spkec_mode": "0"},
				"engine_agc" : {"agc_mode" : "3", "agc_targetdb" : "3","agc_gaindb" : "0","agc_flag" : "3","agc_limiter" : "1"},
				"multi_aec" : {"aec_mode" : "6"},
				"multi_ns" : {"ns_mode" : "1"},
				"multi_agc" : {"agc_mode" : "3", "agc_targetdb" : "3","agc_gaindb" : "0","agc_flag" : "3","agc_limiter" : "1"}
			}
		},

        "iPhone8,2":
		{
			"all_ios_version" : 
			{
				"engine_spkec": {"spkec_mode": "0"},
				"engine_agc" : {"agc_mode" : "3", "agc_targetdb" : "3","agc_gaindb" : "0","agc_flag" : "3","agc_limiter" : "1"},
				"multi_aec" : {"aec_mode" : "6"},
				"multi_ns" : {"ns_mode" : "1"},
				"multi_agc" : {"agc_mode" : "3", "agc_targetdb" : "3","agc_gaindb" : "0","agc_flag" : "3","agc_limiter" : "1"},
				"voip_videosetting": {"enc_maxVcodec2HwRes" : "0"}
			}
		},
		
		"iPhone8,1":
		{
			"all_ios_version" : 
			{
				"engine_spkec": {"spkec_mode": "0"},
				"engine_agc" : {"agc_mode" : "3", "agc_targetdb" : "3","agc_gaindb" : "0","agc_flag" : "3","agc_limiter" : "1"},
				"multi_aec" : {"aec_mode" : "6"},
				"multi_ns" : {"ns_mode" : "1"},
				"multi_agc" : {"agc_mode" : "3", "agc_targetdb" : "3","agc_gaindb" : "0","agc_flag" : "3","agc_limiter" : "1"},
				"voip_videosetting": {"enc_maxVcodec2HwRes" : "0"}
			}
		},
		
		"iPhone7,2":
		{
			"all_ios_version" : 
			{
				"engine_spkec": {"spkec_mode": "0"},
				"engine_agc" : {"agc_mode" : "3", "agc_targetdb" : "3","agc_gaindb" : "0","agc_flag" : "3","agc_limiter" : "1"},
				"multi_aec" : {"aec_mode" : "-2"},
				"multi_ns" : {"ns_mode" : "1"},
				"voip_videosetting": {"enc_beauty" : "0", "enc_maxVcodec2HwRes" : "0"}
			}
		},

		"iPhone7,1":
		{
			"all_ios_version" : 
			{
				"engine_spkec": {"spkec_mode": "29"},
				"engine_agc" : {"agc_mode" : "3", "agc_targetdb" : "3","agc_gaindb" : "0","agc_flag" : "3","agc_limiter" : "1"},
				"multi_aec" : {"aec_mode" : "-2"},
				"multi_ns" : {"ns_mode" : "1"},
				"voip_videosetting": {"enc_beauty" : "0", "enc_maxVcodec2HwRes" : "0"}
			}
		},

		"iPhone6,2":
		{
			"all_ios_version" : 
			{
				"multi_aec" : {"aec_mode" : "-2"}
			}
		},

		"iPhone6,1":
		{
			"all_ios_version" : 
			{
				"multi_aec" : {"aec_mode" : "-2"}
			}
		},

		"iPhone5,4":
		{
			"all_ios_version" : 
			{
				"multi_aec" : {"aec_mode" : "-2"}
			}
		},
		"iPhone5,3":
		{
			"all_ios_version" : 
			{
				"multi_aec" : {"aec_mode" : "-2"}
			}
		},
		"iPhone5,2":
		{
			"all_ios_version" : 
			{
				"multi_aec" : {"aec_mode" : "-2"}
			}
		},
		"iPhone5,1":
		{
			"all_ios_version" : 
			{
				"multi_aec" : {"aec_mode" : "-2"}
			}
		},


        "iPad4,7":
		{
			"all_ios_version" : 
			{
				"engine_spkec": {"spkec_mode": "0"},
				"engine_agc" : {"agc_mode" : "3", "agc_targetdb" : "3","agc_gaindb" : "6","agc_flag" : "3","agc_limiter" : "1"},
				"multi_aec" : {"aec_mode" : "-2"}
			}
		},

		"iPad4,8":
		{
			"all_ios_version" : 
			{
				"engine_spkec": {"spkec_mode": "0"},
				"engine_agc" : {"agc_mode" : "3", "agc_targetdb" : "3","agc_gaindb" : "6","agc_flag" : "3","agc_limiter" : "1"},
				"multi_aec" : {"aec_mode" : "-2"}
			}
		},

		"iPad4,9":
		{
			"all_ios_version" : 
			{
				"engine_spkec": {"spkec_mode": "0"},
				"engine_agc" : {"agc_mode" : "3", "agc_targetdb" : "3","agc_gaindb" : "6","agc_flag" : "3","agc_limiter" : "1"},
				"multi_aec" : {"aec_mode" : "-2"}
			}
		},

		"iPad5,3":
		{
			"all_ios_version" : 
			{
				"engine_spkec": {"spkec_mode": "0"},
				"engine_agc" : {"agc_mode" : "3", "agc_targetdb" : "3","agc_gaindb" : "6","agc_flag" : "3","agc_limiter" : "1"},
				"multi_aec" : {"aec_mode" : "-2"}
			}
		},

		"iPad5,4":
		{
			"all_ios_version" : 
			{
				"engine_spkec": {"spkec_mode": "0"},
				"engine_agc" : {"agc_mode" : "3", "agc_targetdb" : "3","agc_gaindb" : "6","agc_flag" : "3","agc_limiter" : "1"},
				"multi_aec" : {"aec_mode" : "-2"}
			}
		},

        "all_platform" : 
        {
            "all_ios_version" :
            {
                "engine_spkec" : {"spkec_mode" : "0"}
            }
        }
    },
	
	{
        "min_version":"7.0.9.0",
        "max_version":"7.0.9.255",

        "iPhone12,5":
		{
			"all_ios_version" : 
			{
				"engine_aec": {"aec_mode": "-2"},
				"engine_ns": {"ns_mode": "2"},
				"voip_subtype": {"subtype": "0"},
				"engine_spkec": {"spkec_mode": "0"},
				"engine_agc" : {"agc_mode" : "3", "agc_targetdb" : "3","agc_gaindb" : "0","agc_flag" : "3","agc_limiter" : "1"},
				"multi_aec" : {"aec_mode" : "6"},
				"multi_ns" : {"ns_mode" : "1"},
				"multi_agc" : {"agc_mode" : "3", "agc_targetdb" : "3","agc_gaindb" : "0","agc_flag" : "3","agc_limiter" : "1"}
			}
		},

        "iPhone12,3":
		{
			"all_ios_version" : 
			{
				"engine_aec": {"aec_mode": "-2"},
				"engine_ns": {"ns_mode": "2"},
				"voip_subtype": {"subtype": "0"},
				"engine_spkec": {"spkec_mode": "0"},
				"engine_agc" : {"agc_mode" : "3", "agc_targetdb" : "3","agc_gaindb" : "0","agc_flag" : "3","agc_limiter" : "1"},
				"multi_aec" : {"aec_mode" : "6"},
				"multi_ns" : {"ns_mode" : "1"},
				"multi_agc" : {"agc_mode" : "3", "agc_targetdb" : "3","agc_gaindb" : "0","agc_flag" : "3","agc_limiter" : "1"}
			}
		},

        "iPhone12,1":
		{
			"all_ios_version" : 
			{
				"engine_aec": {"aec_mode": "-2"},
				"engine_ns": {"ns_mode": "2"},
				"voip_subtype": {"subtype": "0"},
				"engine_spkec": {"spkec_mode": "0"},
				"engine_agc" : {"agc_mode" : "3", "agc_targetdb" : "3","agc_gaindb" : "0","agc_flag" : "3","agc_limiter" : "1"},
				"multi_aec" : {"aec_mode" : "6"},
				"multi_ns" : {"ns_mode" : "1"},
				"multi_agc" : {"agc_mode" : "3", "agc_targetdb" : "3","agc_gaindb" : "0","agc_flag" : "3","agc_limiter" : "1"}
			}
		},

        "iPhone11,8":
		{
			"all_ios_version" : 
			{
				"engine_aec": {"aec_mode": "-2"},
				"engine_ns": {"ns_mode": "2"},
				"voip_subtype": {"subtype": "0"},
				"engine_spkec": {"spkec_mode": "0"},
				"engine_agc" : {"agc_mode" : "3", "agc_targetdb" : "3","agc_gaindb" : "0","agc_flag" : "3","agc_limiter" : "1"},
				"multi_aec" : {"aec_mode" : "6"},
				"multi_ns" : {"ns_mode" : "1"},
				"multi_agc" : {"agc_mode" : "3", "agc_targetdb" : "3","agc_gaindb" : "0","agc_flag" : "3","agc_limiter" : "1"}
			}
		},

        "iPhone11,6":
		{
			"all_ios_version" : 
			{
				"engine_aec": {"aec_mode": "-2"},
				"engine_ns": {"ns_mode": "2"},
				"voip_subtype": {"subtype": "0"},
				"engine_spkec": {"spkec_mode": "0"},
				"engine_agc" : {"agc_mode" : "3", "agc_targetdb" : "3","agc_gaindb" : "0","agc_flag" : "3","agc_limiter" : "1"},
				"multi_aec" : {"aec_mode" : "6"},
				"multi_ns" : {"ns_mode" : "1"},
				"multi_agc" : {"agc_mode" : "3", "agc_targetdb" : "3","agc_gaindb" : "0","agc_flag" : "3","agc_limiter" : "1"}
			}
		},

        "iPhone11,4":
		{
			"all_ios_version" : 
			{
				"engine_aec": {"aec_mode": "-2"},
				"engine_ns": {"ns_mode": "2"},
				"voip_subtype": {"subtype": "0"},
				"engine_spkec": {"spkec_mode": "0"},
				"engine_agc" : {"agc_mode" : "3", "agc_targetdb" : "3","agc_gaindb" : "0","agc_flag" : "3","agc_limiter" : "1"},
				"multi_aec" : {"aec_mode" : "6"},
				"multi_ns" : {"ns_mode" : "1"},
				"multi_agc" : {"agc_mode" : "3", "agc_targetdb" : "3","agc_gaindb" : "0","agc_flag" : "3","agc_limiter" : "1"}
			}
		},

        "iPhone11,2":
		{
			"all_ios_version" : 
			{
				"engine_aec": {"aec_mode": "-2"},
				"engine_ns": {"ns_mode": "2"},
				"voip_subtype": {"subtype": "0"},
				"engine_spkec": {"spkec_mode": "0"},
				"engine_agc" : {"agc_mode" : "3", "agc_targetdb" : "3","agc_gaindb" : "0","agc_flag" : "3","agc_limiter" : "1"},
				"multi_aec" : {"aec_mode" : "6"},
				"multi_ns" : {"ns_mode" : "1"},
				"multi_agc" : {"agc_mode" : "3", "agc_targetdb" : "3","agc_gaindb" : "0","agc_flag" : "3","agc_limiter" : "1"}
			}
		},

        "iPhone10,6":
		{
			"all_ios_version" : 
			{
				"engine_aec": {"aec_mode": "-2"},
				"engine_ns": {"ns_mode": "2"},
				"voip_subtype": {"subtype": "0"},
				"engine_spkec": {"spkec_mode": "0"},
				"engine_agc" : {"agc_mode" : "3", "agc_targetdb" : "3","agc_gaindb" : "0","agc_flag" : "3","agc_limiter" : "1"},
				"multi_aec" : {"aec_mode" : "6"},
				"multi_ns" : {"ns_mode" : "1"},
				"multi_agc" : {"agc_mode" : "3", "agc_targetdb" : "3","agc_gaindb" : "0","agc_flag" : "3","agc_limiter" : "1"}
			}
		},

		"iPhone10,5":
		{
			"all_ios_version" : 
			{
				"engine_aec": {"aec_mode": "-2"},
				"engine_ns": {"ns_mode": "2"},
				"voip_subtype": {"subtype": "0"},
				"engine_spkec": {"spkec_mode": "0"},
				"engine_agc" : {"agc_mode" : "3", "agc_targetdb" : "3","agc_gaindb" : "0","agc_flag" : "3","agc_limiter" : "1"},
				"multi_aec" : {"aec_mode" : "6"},
				"multi_ns" : {"ns_mode" : "1"},
				"multi_agc" : {"agc_mode" : "3", "agc_targetdb" : "3","agc_gaindb" : "0","agc_flag" : "3","agc_limiter" : "1"}
			}
		},

		"iPhone10,4":
		{
			"all_ios_version" : 
			{
				"engine_aec": {"aec_mode": "-2"},
				"engine_ns": {"ns_mode": "2"},
				"voip_subtype": {"subtype": "0"},
				"engine_spkec": {"spkec_mode": "0"},
				"engine_agc" : {"agc_mode" : "3", "agc_targetdb" : "3","agc_gaindb" : "0","agc_flag" : "3","agc_limiter" : "1"},
				"multi_aec" : {"aec_mode" : "6"},
				"multi_ns" : {"ns_mode" : "1"},
				"multi_agc" : {"agc_mode" : "3", "agc_targetdb" : "3","agc_gaindb" : "0","agc_flag" : "3","agc_limiter" : "1"}
			}
		},

		"iPhone10,3":
		{
			"all_ios_version" : 
			{
				"engine_aec": {"aec_mode": "-2"},
				"engine_ns": {"ns_mode": "2"},
				"voip_subtype": {"subtype": "0"},
				"engine_spkec": {"spkec_mode": "0"},
				"engine_agc" : {"agc_mode" : "3", "agc_targetdb" : "3","agc_gaindb" : "0","agc_flag" : "3","agc_limiter" : "1"},
				"multi_aec" : {"aec_mode" : "6"},
				"multi_ns" : {"ns_mode" : "1"},
				"multi_agc" : {"agc_mode" : "3", "agc_targetdb" : "3","agc_gaindb" : "0","agc_flag" : "3","agc_limiter" : "1"}
			}
		},

		"iPhone10,2":
		{
			"all_ios_version" : 
			{
				"engine_aec": {"aec_mode": "-2"},
				"engine_ns": {"ns_mode": "2"},
				"voip_subtype": {"subtype": "0"},
				"engine_spkec": {"spkec_mode": "0"},
				"engine_agc" : {"agc_mode" : "3", "agc_targetdb" : "3","agc_gaindb" : "0","agc_flag" : "3","agc_limiter" : "1"},
				"multi_aec" : {"aec_mode" : "6"},
				"multi_ns" : {"ns_mode" : "1"},
				"multi_agc" : {"agc_mode" : "3", "agc_targetdb" : "3","agc_gaindb" : "0","agc_flag" : "3","agc_limiter" : "1"}
			}
		},

		"iPhone10,1":
		{
			"all_ios_version" : 
			{
				"engine_aec": {"aec_mode": "-2"},
				"engine_ns": {"ns_mode": "2"},
				"voip_subtype": {"subtype": "0"},
				"engine_spkec": {"spkec_mode": "0"},
				"engine_agc" : {"agc_mode" : "3", "agc_targetdb" : "3","agc_gaindb" : "0","agc_flag" : "3","agc_limiter" : "1"},
				"multi_aec" : {"aec_mode" : "6"},
				"multi_ns" : {"ns_mode" : "1"},
				"multi_agc" : {"agc_mode" : "3", "agc_targetdb" : "3","agc_gaindb" : "0","agc_flag" : "3","agc_limiter" : "1"}
			}
		},

        "iPhone9,4":
		{
			"all_ios_version" : 
			{
				"engine_aec": {"aec_mode": "-2"},
				"engine_ns": {"ns_mode": "2"},
				"voip_subtype": {"subtype": "0"},
				"engine_spkec": {"spkec_mode": "0"},
				"engine_agc" : {"agc_mode" : "3", "agc_targetdb" : "3","agc_gaindb" : "0","agc_flag" : "3","agc_limiter" : "1"},
				"multi_aec" : {"aec_mode" : "6"},
				"multi_ns" : {"ns_mode" : "1"},
				"multi_agc" : {"agc_mode" : "3", "agc_targetdb" : "3","agc_gaindb" : "0","agc_flag" : "3","agc_limiter" : "1"}
			}
		},

		"iPhone9,3":
		{
			"all_ios_version" : 
			{
				"engine_aec": {"aec_mode": "-2"},
				"engine_ns": {"ns_mode": "2"},
				"voip_subtype": {"subtype": "0"},
				"engine_spkec": {"spkec_mode": "0"},
				"engine_agc" : {"agc_mode" : "3", "agc_targetdb" : "3","agc_gaindb" : "0","agc_flag" : "3","agc_limiter" : "1"},
				"multi_aec" : {"aec_mode" : "6"},
				"multi_ns" : {"ns_mode" : "1"},
				"multi_agc" : {"agc_mode" : "3", "agc_targetdb" : "3","agc_gaindb" : "0","agc_flag" : "3","agc_limiter" : "1"}
			}
		},

        "iPhone9,2":
		{
			"all_ios_version" : 
			{
				"engine_aec": {"aec_mode": "-2"},
				"engine_ns": {"ns_mode": "2"},
				"voip_subtype": {"subtype": "0"},
				"engine_spkec": {"spkec_mode": "0"},
				"engine_agc" : {"agc_mode" : "3", "agc_targetdb" : "3","agc_gaindb" : "0","agc_flag" : "3","agc_limiter" : "1"},
				"multi_aec" : {"aec_mode" : "6"},
				"multi_ns" : {"ns_mode" : "1"},
				"multi_agc" : {"agc_mode" : "3", "agc_targetdb" : "3","agc_gaindb" : "0","agc_flag" : "3","agc_limiter" : "1"}
			}
		},

		"iPhone9,1":
		{
			"all_ios_version" : 
			{
				"engine_aec": {"aec_mode": "-2"},
				"engine_ns": {"ns_mode": "2"},
				"voip_subtype": {"subtype": "0"},
				"engine_spkec": {"spkec_mode": "0"},
				"engine_agc" : {"agc_mode" : "3", "agc_targetdb" : "3","agc_gaindb" : "0","agc_flag" : "3","agc_limiter" : "1"},
				"multi_aec" : {"aec_mode" : "6"},
				"multi_ns" : {"ns_mode" : "1"},
				"multi_agc" : {"agc_mode" : "3", "agc_targetdb" : "3","agc_gaindb" : "0","agc_flag" : "3","agc_limiter" : "1"}
			}
		},

		"iPhone8,4":
		{
			"all_ios_version" : 
			{
				"engine_spkec": {"spkec_mode": "0"},
				"engine_agc" : {"agc_mode" : "3", "agc_targetdb" : "3","agc_gaindb" : "0","agc_flag" : "3","agc_limiter" : "1"},
				"multi_aec" : {"aec_mode" : "6"},
				"multi_ns" : {"ns_mode" : "1"},
				"multi_agc" : {"agc_mode" : "3", "agc_targetdb" : "3","agc_gaindb" : "0","agc_flag" : "3","agc_limiter" : "1"}
			}
		},
		
		"iPhone8,3":
		{
			"all_ios_version" : 
			{
				"engine_spkec": {"spkec_mode": "0"},
				"engine_agc" : {"agc_mode" : "3", "agc_targetdb" : "3","agc_gaindb" : "0","agc_flag" : "3","agc_limiter" : "1"},
				"multi_aec" : {"aec_mode" : "6"},
				"multi_ns" : {"ns_mode" : "1"},
				"multi_agc" : {"agc_mode" : "3", "agc_targetdb" : "3","agc_gaindb" : "0","agc_flag" : "3","agc_limiter" : "1"}
			}
		},

        "iPhone8,2":
		{
			"all_ios_version" : 
			{
				"engine_spkec": {"spkec_mode": "0"},
				"engine_agc" : {"agc_mode" : "3", "agc_targetdb" : "3","agc_gaindb" : "0","agc_flag" : "3","agc_limiter" : "1"},
				"multi_aec" : {"aec_mode" : "6"},
				"multi_ns" : {"ns_mode" : "1"},
				"multi_agc" : {"agc_mode" : "3", "agc_targetdb" : "3","agc_gaindb" : "0","agc_flag" : "3","agc_limiter" : "1"},
				"voip_videosetting": {"enc_maxVcodec2HwRes" : "0"}				
			}
		},
		
		"iPhone8,1":
		{
			"all_ios_version" : 
			{
				"engine_spkec": {"spkec_mode": "0"},
				"engine_agc" : {"agc_mode" : "3", "agc_targetdb" : "3","agc_gaindb" : "0","agc_flag" : "3","agc_limiter" : "1"},
				"multi_aec" : {"aec_mode" : "6"},
				"multi_ns" : {"ns_mode" : "1"},
				"multi_agc" : {"agc_mode" : "3", "agc_targetdb" : "3","agc_gaindb" : "0","agc_flag" : "3","agc_limiter" : "1"},
				"voip_videosetting": {"enc_maxVcodec2HwRes" : "0"}
			}
		},
		
		"iPhone7,2":
		{
			"all_ios_version" : 
			{
				"engine_spkec": {"spkec_mode": "0"},
				"engine_agc" : {"agc_mode" : "3", "agc_targetdb" : "3","agc_gaindb" : "0","agc_flag" : "3","agc_limiter" : "1"},
				"multi_aec" : {"aec_mode" : "-2"},
				"multi_ns" : {"ns_mode" : "1"},
				"voip_videosetting": {"enc_beauty" : "0", "enc_maxVcodec2HwRes" : "0"}
			}
		},

		"iPhone7,1":
		{
			"all_ios_version" : 
			{
				"engine_spkec": {"spkec_mode": "29"},
				"engine_agc" : {"agc_mode" : "3", "agc_targetdb" : "3","agc_gaindb" : "0","agc_flag" : "3","agc_limiter" : "1"},
				"multi_aec" : {"aec_mode" : "-2"},
				"multi_ns" : {"ns_mode" : "1"},
				"voip_videosetting": {"enc_beauty" : "0", "enc_maxVcodec2HwRes" : "0"}
			}
		},

		"iPhone6,2":
		{
			"all_ios_version" : 
			{
				"voip_videosetting": {"enc_HWcap" : "1","enc_maxSWRes" : "640","enc_maxHWRes" : "640"},
				"multi_aec" : {"aec_mode" : "-2"}
			}
		},

		"iPhone6,1":
		{
			"all_ios_version" : 
			{
				"voip_videosetting": {"enc_HWcap" : "1","enc_maxSWRes" : "640","enc_maxHWRes" : "640"},
				"multi_aec" : {"aec_mode" : "-2"}
			}
		},

		"iPhone5,4":
		{
			"all_ios_version" : 
			{
				"multi_aec" : {"aec_mode" : "-2"}
			}
		},
		"iPhone5,3":
		{
			"all_ios_version" : 
			{
				"multi_aec" : {"aec_mode" : "-2"}
			}
		},
		"iPhone5,2":
		{
			"all_ios_version" : 
			{
				"multi_aec" : {"aec_mode" : "-2"}
			}
		},
		"iPhone5,1":
		{
			"all_ios_version" : 
			{
				"multi_aec" : {"aec_mode" : "-2"}
			}
		},


        "iPad4,7":
		{
			"all_ios_version" : 
			{
				"engine_spkec": {"spkec_mode": "0"},
				"engine_agc" : {"agc_mode" : "3", "agc_targetdb" : "3","agc_gaindb" : "6","agc_flag" : "3","agc_limiter" : "1"},
				"multi_aec" : {"aec_mode" : "-2"}
			}
		},

		"iPad4,8":
		{
			"all_ios_version" : 
			{
				"engine_spkec": {"spkec_mode": "0"},
				"engine_agc" : {"agc_mode" : "3", "agc_targetdb" : "3","agc_gaindb" : "6","agc_flag" : "3","agc_limiter" : "1"},
				"multi_aec" : {"aec_mode" : "-2"}
			}
		},

		"iPad4,9":
		{
			"all_ios_version" : 
			{
				"engine_spkec": {"spkec_mode": "0"},
				"engine_agc" : {"agc_mode" : "3", "agc_targetdb" : "3","agc_gaindb" : "6","agc_flag" : "3","agc_limiter" : "1"},
				"multi_aec" : {"aec_mode" : "-2"}
			}
		},

		"iPad5,3":
		{
			"all_ios_version" : 
			{
				"engine_spkec": {"spkec_mode": "0"},
				"engine_agc" : {"agc_mode" : "3", "agc_targetdb" : "3","agc_gaindb" : "6","agc_flag" : "3","agc_limiter" : "1"},
				"multi_aec" : {"aec_mode" : "-2"}
			}
		},

		"iPad5,4":
		{
			"all_ios_version" : 
			{
				"engine_spkec": {"spkec_mode": "0"},
				"engine_agc" : {"agc_mode" : "3", "agc_targetdb" : "3","agc_gaindb" : "6","agc_flag" : "3","agc_limiter" : "1"},
				"multi_aec" : {"aec_mode" : "-2"}
			}
		},

        "all_platform" : 
        {
            "all_ios_version" :
            {
                "engine_spkec" : {"spkec_mode" : "0"}
            }
        }
    },
	
    {
        "min_version":"7.0.10.0",
        "max_version":"7.0.14.255",

        "iPhone12,5":
		{
			"all_ios_version" : 
			{
				"engine_aec": {"aec_mode": "-2"},
				"engine_ns": {"ns_mode": "2"},
				"voip_subtype": {"subtype": "0"},
				"engine_spkec": {"spkec_mode": "0"},
				"engine_agc" : {"agc_mode" : "3", "agc_targetdb" : "3","agc_gaindb" : "0","agc_flag" : "3","agc_limiter" : "1"},
				"multi_aec" : {"aec_mode" : "6"},
				"multi_ns" : {"ns_mode" : "1"},
				"multi_agc" : {"agc_mode" : "3", "agc_targetdb" : "3","agc_gaindb" : "0","agc_flag" : "3","agc_limiter" : "1"},
				"voip_fullband": {"voip_fullbandflag" : "701"}
			}
		},

        "iPhone12,3":
		{
			"all_ios_version" : 
			{
				"engine_aec": {"aec_mode": "-2"},
				"engine_ns": {"ns_mode": "2"},
				"voip_subtype": {"subtype": "0"},
				"engine_spkec": {"spkec_mode": "0"},
				"engine_agc" : {"agc_mode" : "3", "agc_targetdb" : "3","agc_gaindb" : "0","agc_flag" : "3","agc_limiter" : "1"},
				"multi_aec" : {"aec_mode" : "6"},
				"multi_ns" : {"ns_mode" : "1"},
				"multi_agc" : {"agc_mode" : "3", "agc_targetdb" : "3","agc_gaindb" : "0","agc_flag" : "3","agc_limiter" : "1"},
				"voip_fullband": {"voip_fullbandflag" : "701"}
			}
		},

        "iPhone12,1":
		{
			"all_ios_version" : 
			{
				"engine_aec": {"aec_mode": "-2"},
				"engine_ns": {"ns_mode": "2"},
				"voip_subtype": {"subtype": "0"},
				"engine_spkec": {"spkec_mode": "0"},
				"engine_agc" : {"agc_mode" : "3", "agc_targetdb" : "3","agc_gaindb" : "0","agc_flag" : "3","agc_limiter" : "1"},
				"multi_aec" : {"aec_mode" : "6"},
				"multi_ns" : {"ns_mode" : "1"},
				"multi_agc" : {"agc_mode" : "3", "agc_targetdb" : "3","agc_gaindb" : "0","agc_flag" : "3","agc_limiter" : "1"},
				"voip_fullband": {"voip_fullbandflag" : "701"}
			}
		},

        "iPhone11,8":
		{
			"all_ios_version" : 
			{
				"engine_aec": {"aec_mode": "-2"},
				"engine_ns": {"ns_mode": "2"},
				"voip_subtype": {"subtype": "0"},
				"engine_spkec": {"spkec_mode": "0"},
				"engine_agc" : {"agc_mode" : "3", "agc_targetdb" : "3","agc_gaindb" : "0","agc_flag" : "3","agc_limiter" : "1"},
				"multi_aec" : {"aec_mode" : "6"},
				"multi_ns" : {"ns_mode" : "1"},
				"multi_agc" : {"agc_mode" : "3", "agc_targetdb" : "3","agc_gaindb" : "0","agc_flag" : "3","agc_limiter" : "1"},
				"voip_fullband": {"voip_fullbandflag" : "701"}
			}
		},

        "iPhone11,6":
		{
			"all_ios_version" : 
			{
				"engine_aec": {"aec_mode": "-2"},
				"engine_ns": {"ns_mode": "2"},
				"voip_subtype": {"subtype": "0"},
				"engine_spkec": {"spkec_mode": "0"},
				"engine_agc" : {"agc_mode" : "3", "agc_targetdb" : "3","agc_gaindb" : "0","agc_flag" : "3","agc_limiter" : "1"},
				"multi_aec" : {"aec_mode" : "6"},
				"multi_ns" : {"ns_mode" : "1"},
				"multi_agc" : {"agc_mode" : "3", "agc_targetdb" : "3","agc_gaindb" : "0","agc_flag" : "3","agc_limiter" : "1"},
				"voip_fullband": {"voip_fullbandflag" : "701"}
			}
		},

        "iPhone11,4":
		{
			"all_ios_version" : 
			{
				"engine_aec": {"aec_mode": "-2"},
				"engine_ns": {"ns_mode": "2"},
				"voip_subtype": {"subtype": "0"},
				"engine_spkec": {"spkec_mode": "0"},
				"engine_agc" : {"agc_mode" : "3", "agc_targetdb" : "3","agc_gaindb" : "0","agc_flag" : "3","agc_limiter" : "1"},
				"multi_aec" : {"aec_mode" : "6"},
				"multi_ns" : {"ns_mode" : "1"},
				"multi_agc" : {"agc_mode" : "3", "agc_targetdb" : "3","agc_gaindb" : "0","agc_flag" : "3","agc_limiter" : "1"},
				"voip_fullband": {"voip_fullbandflag" : "701"}
			}
		},

        "iPhone11,2":
		{
			"all_ios_version" : 
			{
				"engine_aec": {"aec_mode": "-2"},
				"engine_ns": {"ns_mode": "2"},
				"voip_subtype": {"subtype": "0"},
				"engine_spkec": {"spkec_mode": "0"},
				"engine_agc" : {"agc_mode" : "3", "agc_targetdb" : "3","agc_gaindb" : "0","agc_flag" : "3","agc_limiter" : "1"},
				"multi_aec" : {"aec_mode" : "6"},
				"multi_ns" : {"ns_mode" : "1"},
				"multi_agc" : {"agc_mode" : "3", "agc_targetdb" : "3","agc_gaindb" : "0","agc_flag" : "3","agc_limiter" : "1"},
				"voip_fullband": {"voip_fullbandflag" : "701"}
			}
		},

        "iPhone10,6":
		{
			"all_ios_version" : 
			{
				"engine_aec": {"aec_mode": "-2"},
				"engine_ns": {"ns_mode": "2"},
				"voip_subtype": {"subtype": "0"},
				"engine_spkec": {"spkec_mode": "0"},
				"engine_agc" : {"agc_mode" : "3", "agc_targetdb" : "3","agc_gaindb" : "0","agc_flag" : "3","agc_limiter" : "1"},
				"multi_aec" : {"aec_mode" : "6"},
				"multi_ns" : {"ns_mode" : "1"},
				"multi_agc" : {"agc_mode" : "3", "agc_targetdb" : "3","agc_gaindb" : "0","agc_flag" : "3","agc_limiter" : "1"},
				"voip_fullband": {"voip_fullbandflag" : "701"}
			}
		},

		"iPhone10,5":
		{
			"all_ios_version" : 
			{
				"engine_aec": {"aec_mode": "-2"},
				"engine_ns": {"ns_mode": "2"},
				"voip_subtype": {"subtype": "0"},
				"engine_spkec": {"spkec_mode": "0"},
				"engine_agc" : {"agc_mode" : "3", "agc_targetdb" : "3","agc_gaindb" : "0","agc_flag" : "3","agc_limiter" : "1"},
				"multi_aec" : {"aec_mode" : "6"},
				"multi_ns" : {"ns_mode" : "1"},
				"multi_agc" : {"agc_mode" : "3", "agc_targetdb" : "3","agc_gaindb" : "0","agc_flag" : "3","agc_limiter" : "1"},
				"voip_fullband": {"voip_fullbandflag" : "701"}
			}
		},

		"iPhone10,4":
		{
			"all_ios_version" : 
			{
				"engine_aec": {"aec_mode": "-2"},
				"engine_ns": {"ns_mode": "2"},
				"voip_subtype": {"subtype": "0"},
				"engine_spkec": {"spkec_mode": "0"},
				"engine_agc" : {"agc_mode" : "3", "agc_targetdb" : "3","agc_gaindb" : "0","agc_flag" : "3","agc_limiter" : "1"},
				"multi_aec" : {"aec_mode" : "6"},
				"multi_ns" : {"ns_mode" : "1"},
				"multi_agc" : {"agc_mode" : "3", "agc_targetdb" : "3","agc_gaindb" : "0","agc_flag" : "3","agc_limiter" : "1"},
				"voip_fullband": {"voip_fullbandflag" : "701"}
			}
		},

		"iPhone10,3":
		{
			"all_ios_version" : 
			{
				"engine_aec": {"aec_mode": "-2"},
				"engine_ns": {"ns_mode": "2"},
				"voip_subtype": {"subtype": "0"},
				"engine_spkec": {"spkec_mode": "0"},
				"engine_agc" : {"agc_mode" : "3", "agc_targetdb" : "3","agc_gaindb" : "0","agc_flag" : "3","agc_limiter" : "1"},
				"multi_aec" : {"aec_mode" : "6"},
				"multi_ns" : {"ns_mode" : "1"},
				"multi_agc" : {"agc_mode" : "3", "agc_targetdb" : "3","agc_gaindb" : "0","agc_flag" : "3","agc_limiter" : "1"},
				"voip_fullband": {"voip_fullbandflag" : "701"}
			}
		},

		"iPhone10,2":
		{
			"all_ios_version" : 
			{
				"engine_aec": {"aec_mode": "-2"},
				"engine_ns": {"ns_mode": "2"},
				"voip_subtype": {"subtype": "0"},
				"engine_spkec": {"spkec_mode": "0"},
				"engine_agc" : {"agc_mode" : "3", "agc_targetdb" : "3","agc_gaindb" : "0","agc_flag" : "3","agc_limiter" : "1"},
				"multi_aec" : {"aec_mode" : "6"},
				"multi_ns" : {"ns_mode" : "1"},
				"multi_agc" : {"agc_mode" : "3", "agc_targetdb" : "3","agc_gaindb" : "0","agc_flag" : "3","agc_limiter" : "1"},
				"voip_fullband": {"voip_fullbandflag" : "701"}
			}
		},

		"iPhone10,1":
		{
			"all_ios_version" : 
			{
				"engine_aec": {"aec_mode": "-2"},
				"engine_ns": {"ns_mode": "2"},
				"voip_subtype": {"subtype": "0"},
				"engine_spkec": {"spkec_mode": "0"},
				"engine_agc" : {"agc_mode" : "3", "agc_targetdb" : "3","agc_gaindb" : "0","agc_flag" : "3","agc_limiter" : "1"},
				"multi_aec" : {"aec_mode" : "6"},
				"multi_ns" : {"ns_mode" : "1"},
				"multi_agc" : {"agc_mode" : "3", "agc_targetdb" : "3","agc_gaindb" : "0","agc_flag" : "3","agc_limiter" : "1"},
				"voip_fullband": {"voip_fullbandflag" : "701"}
			}
		},

        "iPhone9,4":
		{
			"all_ios_version" : 
			{
				"engine_aec": {"aec_mode": "-2"},
				"engine_ns": {"ns_mode": "2"},
				"voip_subtype": {"subtype": "0"},
				"engine_spkec": {"spkec_mode": "0"},
				"engine_agc" : {"agc_mode" : "3", "agc_targetdb" : "3","agc_gaindb" : "0","agc_flag" : "3","agc_limiter" : "1"},
				"multi_aec" : {"aec_mode" : "6"},
				"multi_ns" : {"ns_mode" : "1"},
				"multi_agc" : {"agc_mode" : "3", "agc_targetdb" : "3","agc_gaindb" : "0","agc_flag" : "3","agc_limiter" : "1"},
				"voip_fullband": {"voip_fullbandflag" : "701"},
				"voip_videosetting": {"enc_maxVcodec2HwResDec" : "10","enc_maxI264ResDec" : "10","enc_maxVcodec1Res" : "8","enc_maxVcodec1MixRes" : "8"}
			}
		},

		"iPhone9,3":
		{
			"all_ios_version" : 
			{
				"engine_aec": {"aec_mode": "-2"},
				"engine_ns": {"ns_mode": "2"},
				"voip_subtype": {"subtype": "0"},
				"engine_spkec": {"spkec_mode": "0"},
				"engine_agc" : {"agc_mode" : "3", "agc_targetdb" : "3","agc_gaindb" : "0","agc_flag" : "3","agc_limiter" : "1"},
				"multi_aec" : {"aec_mode" : "6"},
				"multi_ns" : {"ns_mode" : "1"},
				"multi_agc" : {"agc_mode" : "3", "agc_targetdb" : "3","agc_gaindb" : "0","agc_flag" : "3","agc_limiter" : "1"},
				"voip_fullband": {"voip_fullbandflag" : "701"},
				"voip_videosetting": {"enc_maxVcodec2HwResDec" : "10","enc_maxI264ResDec" : "10","enc_maxVcodec1Res" : "8","enc_maxVcodec1MixRes" : "8"}
			}
		},

        "iPhone9,2":
		{
			"all_ios_version" : 
			{
				"engine_aec": {"aec_mode": "-2"},
				"engine_ns": {"ns_mode": "2"},
				"voip_subtype": {"subtype": "0"},
				"engine_spkec": {"spkec_mode": "0"},
				"engine_agc" : {"agc_mode" : "3", "agc_targetdb" : "3","agc_gaindb" : "0","agc_flag" : "3","agc_limiter" : "1"},
				"multi_aec" : {"aec_mode" : "6"},
				"multi_ns" : {"ns_mode" : "1"},
				"multi_agc" : {"agc_mode" : "3", "agc_targetdb" : "3","agc_gaindb" : "0","agc_flag" : "3","agc_limiter" : "1"},
				"voip_fullband": {"voip_fullbandflag" : "701"},
				"voip_videosetting": {"enc_maxVcodec2HwResDec" : "10","enc_maxI264ResDec" : "10","enc_maxVcodec1Res" : "8","enc_maxVcodec1MixRes" : "8"}
			}
		},

		"iPhone9,1":
		{
			"all_ios_version" : 
			{
				"engine_aec": {"aec_mode": "-2"},
				"engine_ns": {"ns_mode": "2"},
				"voip_subtype": {"subtype": "0"},
				"engine_spkec": {"spkec_mode": "0"},
				"engine_agc" : {"agc_mode" : "3", "agc_targetdb" : "3","agc_gaindb" : "0","agc_flag" : "3","agc_limiter" : "1"},
				"multi_aec" : {"aec_mode" : "6"},
				"multi_ns" : {"ns_mode" : "1"},
				"multi_agc" : {"agc_mode" : "3", "agc_targetdb" : "3","agc_gaindb" : "0","agc_flag" : "3","agc_limiter" : "1"},
				"voip_fullband": {"voip_fullbandflag" : "701"},
				"voip_videosetting": {"enc_maxVcodec2HwResDec" : "10","enc_maxI264ResDec" : "10","enc_maxVcodec1Res" : "8","enc_maxVcodec1MixRes" : "8"}
			}
		},

		"iPhone8,4":
		{
			"all_ios_version" : 
			{
				"engine_spkec": {"spkec_mode": "0"},
				"engine_agc" : {"agc_mode" : "3", "agc_targetdb" : "3","agc_gaindb" : "0","agc_flag" : "3","agc_limiter" : "1"},
				"engine_ns": {"ns_mode": "2"},
				"multi_aec" : {"aec_mode" : "6"},
				"multi_ns" : {"ns_mode" : "1"},
				"multi_agc" : {"agc_mode" : "3", "agc_targetdb" : "3","agc_gaindb" : "0","agc_flag" : "3","agc_limiter" : "1"},
				"voip_fullband": {"voip_fullbandflag" : "701"}
			}
		},
		
		"iPhone8,3":
		{
			"all_ios_version" : 
			{
				"engine_spkec": {"spkec_mode": "0"},
				"engine_agc" : {"agc_mode" : "3", "agc_targetdb" : "3","agc_gaindb" : "0","agc_flag" : "3","agc_limiter" : "1"},
				"engine_ns": {"ns_mode": "2"},
				"multi_aec" : {"aec_mode" : "6"},
				"multi_ns" : {"ns_mode" : "1"},
				"multi_agc" : {"agc_mode" : "3", "agc_targetdb" : "3","agc_gaindb" : "0","agc_flag" : "3","agc_limiter" : "1"}
			}
		},

        "iPhone8,2":
		{
			"all_ios_version" : 
			{
				"engine_spkec": {"spkec_mode": "0"},
				"engine_ns": {"ns_mode": "2"},
				"engine_agc" : {"agc_mode" : "3", "agc_targetdb" : "3","agc_gaindb" : "0","agc_flag" : "3","agc_limiter" : "1"},
				"multi_aec" : {"aec_mode" : "6"},
				"multi_ns" : {"ns_mode" : "1"},
				"multi_agc" : {"agc_mode" : "3", "agc_targetdb" : "3","agc_gaindb" : "0","agc_flag" : "3","agc_limiter" : "1"},
				"voip_videosetting": {"enc_maxVcodec2HwRes" : "0", "enc_maxI264Res" : "8","enc_maxVcodec2SwRes" : "6","enc_maxVcodec2SwResDec" : "8","enc_maxVcodec1Res" : "6","enc_maxVcodec1ResDec" : "8","enc_maxVcodec1MixRes" : "6","enc_maxVcodec1MixResDec" : "8"}
			}
		},
		
		"iPhone8,1":
		{
			"all_ios_version" : 
			{
				"engine_spkec": {"spkec_mode": "0"},
				"engine_ns": {"ns_mode": "2"},
				"engine_agc" : {"agc_mode" : "3", "agc_targetdb" : "3","agc_gaindb" : "0","agc_flag" : "3","agc_limiter" : "1"},
				"multi_aec" : {"aec_mode" : "6"},
				"multi_ns" : {"ns_mode" : "1"},
				"multi_agc" : {"agc_mode" : "3", "agc_targetdb" : "3","agc_gaindb" : "0","agc_flag" : "3","agc_limiter" : "1"},
				"voip_videosetting": {"enc_maxVcodec2HwRes" : "0", "enc_maxI264Res" : "8","enc_maxVcodec2SwRes" : "6","enc_maxVcodec2SwResDec" : "8","enc_maxVcodec1Res" : "6","enc_maxVcodec1ResDec" : "8","enc_maxVcodec1MixRes" : "6","enc_maxVcodec1MixResDec" : "8"}
			}
		},
		
		"iPhone7,2":
		{
			"all_ios_version" : 
			{
				"engine_spkec": {"spkec_mode": "0"},
				"engine_ns": {"ns_mode": "2"},
				"engine_agc" : {"agc_mode" : "3", "agc_targetdb" : "3","agc_gaindb" : "0","agc_flag" : "3","agc_limiter" : "1"},
				"multi_aec" : {"aec_mode" : "-2"},
				"multi_ns" : {"ns_mode" : "1"},
				"voip_videosetting": {"enc_beauty" : "0", "enc_maxVcodec2HwRes" : "0"}
			}
		},

		"iPhone7,1":
		{
			"all_ios_version" : 
			{
				"engine_spkec": {"spkec_mode": "29"},
				"engine_ns": {"ns_mode": "2"},
				"engine_agc" : {"agc_mode" : "3", "agc_targetdb" : "3","agc_gaindb" : "0","agc_flag" : "3","agc_limiter" : "1"},
				"multi_aec" : {"aec_mode" : "-2"},
				"multi_ns" : {"ns_mode" : "1"},
				"voip_videosetting": {"enc_beauty" : "0", "enc_maxVcodec2HwRes" : "0"}
			}
		},

		"iPhone6,2":
		{
			"all_ios_version" : 
			{
				"multi_aec" : {"aec_mode" : "-2"}
			}
		},

		"iPhone6,1":
		{
			"all_ios_version" : 
			{
				"multi_aec" : {"aec_mode" : "-2"}
			}
		},

		"iPhone5,4":
		{
			"all_ios_version" : 
			{
				"multi_aec" : {"aec_mode" : "-2"}
			}
		},
		"iPhone5,3":
		{
			"all_ios_version" : 
			{
				"multi_aec" : {"aec_mode" : "-2"}
			}
		},
		"iPhone5,2":
		{
			"all_ios_version" : 
			{
				"multi_aec" : {"aec_mode" : "-2"}
			}
		},
		"iPhone5,1":
		{
			"all_ios_version" : 
			{
				"multi_aec" : {"aec_mode" : "-2"}
			}
		},


        "iPad4,7":
		{
			"all_ios_version" : 
			{
				"engine_spkec": {"spkec_mode": "0"},
				"engine_agc" : {"agc_mode" : "3", "agc_targetdb" : "3","agc_gaindb" : "6","agc_flag" : "3","agc_limiter" : "1"},
				"multi_aec" : {"aec_mode" : "-2"}
			}
		},

		"iPad4,8":
		{
			"all_ios_version" : 
			{
				"engine_spkec": {"spkec_mode": "0"},
				"engine_agc" : {"agc_mode" : "3", "agc_targetdb" : "3","agc_gaindb" : "6","agc_flag" : "3","agc_limiter" : "1"},
				"multi_aec" : {"aec_mode" : "-2"}
			}
		},

		"iPad4,9":
		{
			"all_ios_version" : 
			{
				"engine_spkec": {"spkec_mode": "0"},
				"engine_agc" : {"agc_mode" : "3", "agc_targetdb" : "3","agc_gaindb" : "6","agc_flag" : "3","agc_limiter" : "1"},
				"multi_aec" : {"aec_mode" : "-2"}
			}
		},

		"iPad5,3":
		{
			"all_ios_version" : 
			{
				"engine_spkec": {"spkec_mode": "0"},
				"engine_agc" : {"agc_mode" : "3", "agc_targetdb" : "3","agc_gaindb" : "6","agc_flag" : "3","agc_limiter" : "1"},
				"multi_aec" : {"aec_mode" : "-2"}
			}
		},

		"iPad5,4":
		{
			"all_ios_version" : 
			{
				"engine_spkec": {"spkec_mode": "0"},
				"engine_agc" : {"agc_mode" : "3", "agc_targetdb" : "3","agc_gaindb" : "6","agc_flag" : "3","agc_limiter" : "1"},
				"multi_aec" : {"aec_mode" : "-2"}
			}
		},

        "all_platform" : 
        {
            "all_ios_version" :
            {
                "engine_spkec" : {"spkec_mode" : "0"}
            }
        }
    },
    
    {
        "min_version":"7.0.15.0",
        "max_version":"9.0.0.0",

        "iPhone12,5":
        {
            "all_ios_version" :
            {
                "engine_aec": {"aec_mode": "7", "aec_mode_speaker": "7", "aec_mode_headset": "6"},
                "engine_ns": {"ns_mode": "2"},
                "voip_subtype": {"subtype": "0"},
                "engine_spkec": {"spkec_mode": "0"},
                "engine_agc" : {"agc_mode" : "3", "agc_targetdb" : "3","agc_gaindb" : "0","agc_flag" : "3","agc_limiter" : "1"},
                "multi_aec" : {"aec_mode": "7", "aec_mode_speaker": "7", "aec_mode_headset": "6"},
                "multi_ns" : {"ns_mode" : "1"},
                "multi_agc" : {"agc_mode" : "3", "agc_targetdb" : "3","agc_gaindb" : "0","agc_flag" : "3","agc_limiter" : "1"},
                "voip_fullband": {"voip_fullbandflag" : "701"}
            }
        },

        "iPhone12,3":
        {
            "all_ios_version" :
            {
                "engine_aec": {"aec_mode": "7", "aec_mode_speaker": "7", "aec_mode_headset": "6"},
                "engine_ns": {"ns_mode": "2"},
                "voip_subtype": {"subtype": "0"},
                "engine_spkec": {"spkec_mode": "0"},
                "engine_agc" : {"agc_mode" : "3", "agc_targetdb" : "3","agc_gaindb" : "0","agc_flag" : "3","agc_limiter" : "1"},
                "multi_aec" : {"aec_mode": "7", "aec_mode_speaker": "7", "aec_mode_headset": "6"},
                "multi_ns" : {"ns_mode" : "1"},
                "multi_agc" : {"agc_mode" : "3", "agc_targetdb" : "3","agc_gaindb" : "0","agc_flag" : "3","agc_limiter" : "1"},
                "voip_fullband": {"voip_fullbandflag" : "701"}
            }
        },

        "iPhone12,1":
        {
            "all_ios_version" :
            {
                "engine_aec": {"aec_mode": "7", "aec_mode_speaker": "7", "aec_mode_headset": "6"},
                "engine_ns": {"ns_mode": "2"},
                "voip_subtype": {"subtype": "0"},
                "engine_spkec": {"spkec_mode": "0"},
                "engine_agc" : {"agc_mode" : "3", "agc_targetdb" : "3","agc_gaindb" : "0","agc_flag" : "3","agc_limiter" : "1"},
                "multi_aec" : {"aec_mode": "7", "aec_mode_speaker": "7", "aec_mode_headset": "6"},
                "multi_ns" : {"ns_mode" : "1"},
                "multi_agc" : {"agc_mode" : "3", "agc_targetdb" : "3","agc_gaindb" : "0","agc_flag" : "3","agc_limiter" : "1"},
                "voip_fullband": {"voip_fullbandflag" : "701"}
            }
        },

        "iPhone11,8":
        {
            "all_ios_version" :
            {
                "engine_aec": {"aec_mode": "7", "aec_mode_speaker": "7", "aec_mode_headset": "6"},
                "engine_ns": {"ns_mode": "2"},
                "voip_subtype": {"subtype": "0"},
                "engine_spkec": {"spkec_mode": "0"},
                "engine_agc" : {"agc_mode" : "3", "agc_targetdb" : "3","agc_gaindb" : "0","agc_flag" : "3","agc_limiter" : "1"},
                "multi_aec" : {"aec_mode": "7", "aec_mode_speaker": "7", "aec_mode_headset": "6"},
                "multi_ns" : {"ns_mode" : "1"},
                "multi_agc" : {"agc_mode" : "3", "agc_targetdb" : "3","agc_gaindb" : "0","agc_flag" : "3","agc_limiter" : "1"},
                "voip_fullband": {"voip_fullbandflag" : "701"}
            }
        },

        "iPhone11,6":
        {
            "all_ios_version" :
            {
                "engine_aec": {"aec_mode": "-2"},
                "engine_ns": {"ns_mode": "2"},
                "voip_subtype": {"subtype": "0"},
                "engine_spkec": {"spkec_mode": "0"},
                "engine_agc" : {"agc_mode" : "3", "agc_targetdb" : "3","agc_gaindb" : "0","agc_flag" : "3","agc_limiter" : "1"},
                "multi_aec" : {"aec_mode" : "6"},
                "multi_ns" : {"ns_mode" : "1"},
                "multi_agc" : {"agc_mode" : "3", "agc_targetdb" : "3","agc_gaindb" : "0","agc_flag" : "3","agc_limiter" : "1"},
                "voip_fullband": {"voip_fullbandflag" : "701"}
            }
        },

        "iPhone11,4":
        {
            "all_ios_version" :
            {
                "engine_aec": {"aec_mode": "-2"},
                "engine_ns": {"ns_mode": "2"},
                "voip_subtype": {"subtype": "0"},
                "engine_spkec": {"spkec_mode": "0"},
                "engine_agc" : {"agc_mode" : "3", "agc_targetdb" : "3","agc_gaindb" : "0","agc_flag" : "3","agc_limiter" : "1"},
                "multi_aec" : {"aec_mode" : "6"},
                "multi_ns" : {"ns_mode" : "1"},
                "multi_agc" : {"agc_mode" : "3", "agc_targetdb" : "3","agc_gaindb" : "0","agc_flag" : "3","agc_limiter" : "1"},
                "voip_fullband": {"voip_fullbandflag" : "701"}
            }
        },

        "iPhone11,2":
        {
            "all_ios_version" :
            {
                "engine_aec": {"aec_mode": "-2"},
                "engine_ns": {"ns_mode": "2"},
                "voip_subtype": {"subtype": "0"},
                "engine_spkec": {"spkec_mode": "0"},
                "engine_agc" : {"agc_mode" : "3", "agc_targetdb" : "3","agc_gaindb" : "0","agc_flag" : "3","agc_limiter" : "1"},
                "multi_aec" : {"aec_mode" : "6"},
                "multi_ns" : {"ns_mode" : "1"},
                "multi_agc" : {"agc_mode" : "3", "agc_targetdb" : "3","agc_gaindb" : "0","agc_flag" : "3","agc_limiter" : "1"},
                "voip_fullband": {"voip_fullbandflag" : "701"}
            }
        },

        "iPhone10,6":
        {
            "all_ios_version" :
            {
                "engine_aec": {"aec_mode": "-2"},
                "engine_ns": {"ns_mode": "2"},
                "voip_subtype": {"subtype": "0"},
                "engine_spkec": {"spkec_mode": "0"},
                "engine_agc" : {"agc_mode" : "3", "agc_targetdb" : "3","agc_gaindb" : "0","agc_flag" : "3","agc_limiter" : "1"},
                "multi_aec" : {"aec_mode" : "6"},
                "multi_ns" : {"ns_mode" : "1"},
                "multi_agc" : {"agc_mode" : "3", "agc_targetdb" : "3","agc_gaindb" : "0","agc_flag" : "3","agc_limiter" : "1"},
                "voip_fullband": {"voip_fullbandflag" : "701"}
            }
        },

        "iPhone10,5":
        {
            "all_ios_version" :
            {
                "engine_aec": {"aec_mode": "-2"},
                "engine_ns": {"ns_mode": "2"},
                "voip_subtype": {"subtype": "0"},
                "engine_spkec": {"spkec_mode": "0"},
                "engine_agc" : {"agc_mode" : "3", "agc_targetdb" : "3","agc_gaindb" : "0","agc_flag" : "3","agc_limiter" : "1"},
                "multi_aec" : {"aec_mode" : "6"},
                "multi_ns" : {"ns_mode" : "1"},
                "multi_agc" : {"agc_mode" : "3", "agc_targetdb" : "3","agc_gaindb" : "0","agc_flag" : "3","agc_limiter" : "1"},
                "voip_fullband": {"voip_fullbandflag" : "701"}
            }
        },

        "iPhone10,4":
        {
            "all_ios_version" :
            {
                "engine_aec": {"aec_mode": "-2"},
                "engine_ns": {"ns_mode": "2"},
                "voip_subtype": {"subtype": "0"},
                "engine_spkec": {"spkec_mode": "0"},
                "engine_agc" : {"agc_mode" : "3", "agc_targetdb" : "3","agc_gaindb" : "0","agc_flag" : "3","agc_limiter" : "1"},
                "multi_aec" : {"aec_mode" : "6"},
                "multi_ns" : {"ns_mode" : "1"},
                "multi_agc" : {"agc_mode" : "3", "agc_targetdb" : "3","agc_gaindb" : "0","agc_flag" : "3","agc_limiter" : "1"},
                "voip_fullband": {"voip_fullbandflag" : "701"}
            }
        },

        "iPhone10,3":
        {
            "all_ios_version" :
            {
                "engine_aec": {"aec_mode": "-2"},
                "engine_ns": {"ns_mode": "2"},
                "voip_subtype": {"subtype": "0"},
                "engine_spkec": {"spkec_mode": "0"},
                "engine_agc" : {"agc_mode" : "3", "agc_targetdb" : "3","agc_gaindb" : "0","agc_flag" : "3","agc_limiter" : "1"},
                "multi_aec" : {"aec_mode" : "6"},
                "multi_ns" : {"ns_mode" : "1"},
                "multi_agc" : {"agc_mode" : "3", "agc_targetdb" : "3","agc_gaindb" : "0","agc_flag" : "3","agc_limiter" : "1"},
                "voip_fullband": {"voip_fullbandflag" : "701"}
            }
        },

        "iPhone10,2":
        {
            "all_ios_version" :
            {
                "engine_aec": {"aec_mode": "-2"},
                "engine_ns": {"ns_mode": "2"},
                "voip_subtype": {"subtype": "0"},
                "engine_spkec": {"spkec_mode": "0"},
                "engine_agc" : {"agc_mode" : "3", "agc_targetdb" : "3","agc_gaindb" : "0","agc_flag" : "3","agc_limiter" : "1"},
                "multi_aec" : {"aec_mode" : "6"},
                "multi_ns" : {"ns_mode" : "1"},
                "multi_agc" : {"agc_mode" : "3", "agc_targetdb" : "3","agc_gaindb" : "0","agc_flag" : "3","agc_limiter" : "1"},
                "voip_fullband": {"voip_fullbandflag" : "701"}
            }
        },

        "iPhone10,1":
        {
            "all_ios_version" :
            {
                "engine_aec": {"aec_mode": "-2"},
                "engine_ns": {"ns_mode": "2"},
                "voip_subtype": {"subtype": "0"},
                "engine_spkec": {"spkec_mode": "0"},
                "engine_agc" : {"agc_mode" : "3", "agc_targetdb" : "3","agc_gaindb" : "0","agc_flag" : "3","agc_limiter" : "1"},
                "multi_aec" : {"aec_mode" : "6"},
                "multi_ns" : {"ns_mode" : "1"},
                "multi_agc" : {"agc_mode" : "3", "agc_targetdb" : "3","agc_gaindb" : "0","agc_flag" : "3","agc_limiter" : "1"},
                "voip_fullband": {"voip_fullbandflag" : "701"}
            }
        },

        "iPhone9,4":
        {
            "all_ios_version" :
            {
                "engine_aec": {"aec_mode": "-2"},
                "engine_ns": {"ns_mode": "2"},
                "voip_subtype": {"subtype": "0"},
                "engine_spkec": {"spkec_mode": "0"},
                "engine_agc" : {"agc_mode" : "3", "agc_targetdb" : "3","agc_gaindb" : "0","agc_flag" : "3","agc_limiter" : "1"},
                "multi_aec" : {"aec_mode" : "6"},
                "multi_ns" : {"ns_mode" : "1"},
                "multi_agc" : {"agc_mode" : "3", "agc_targetdb" : "3","agc_gaindb" : "0","agc_flag" : "3","agc_limiter" : "1"},
                "voip_fullband": {"voip_fullbandflag" : "701"},
                "voip_videosetting": {"enc_maxVcodec2HwResDec" : "10","enc_maxI264ResDec" : "10","enc_maxVcodec1Res" : "8","enc_maxVcodec1MixRes" : "8"}
            }
        },

        "iPhone9,3":
        {
            "all_ios_version" :
            {
                "engine_aec": {"aec_mode": "-2"},
                "engine_ns": {"ns_mode": "2"},
                "voip_subtype": {"subtype": "0"},
                "engine_spkec": {"spkec_mode": "0"},
                "engine_agc" : {"agc_mode" : "3", "agc_targetdb" : "3","agc_gaindb" : "0","agc_flag" : "3","agc_limiter" : "1"},
                "multi_aec" : {"aec_mode" : "6"},
                "multi_ns" : {"ns_mode" : "1"},
                "multi_agc" : {"agc_mode" : "3", "agc_targetdb" : "3","agc_gaindb" : "0","agc_flag" : "3","agc_limiter" : "1"},
                "voip_fullband": {"voip_fullbandflag" : "701"},
                "voip_videosetting": {"enc_maxVcodec2HwResDec" : "10","enc_maxI264ResDec" : "10","enc_maxVcodec1Res" : "8","enc_maxVcodec1MixRes" : "8"}
            }
        },

        "iPhone9,2":
        {
            "all_ios_version" :
            {
                "engine_aec": {"aec_mode": "-2"},
                "engine_ns": {"ns_mode": "2"},
                "voip_subtype": {"subtype": "0"},
                "engine_spkec": {"spkec_mode": "0"},
                "engine_agc" : {"agc_mode" : "3", "agc_targetdb" : "3","agc_gaindb" : "0","agc_flag" : "3","agc_limiter" : "1"},
                "multi_aec" : {"aec_mode" : "6"},
                "multi_ns" : {"ns_mode" : "1"},
                "multi_agc" : {"agc_mode" : "3", "agc_targetdb" : "3","agc_gaindb" : "0","agc_flag" : "3","agc_limiter" : "1"},
                "voip_fullband": {"voip_fullbandflag" : "701"},
                "voip_videosetting": {"enc_maxVcodec2HwResDec" : "10","enc_maxI264ResDec" : "10","enc_maxVcodec1Res" : "8","enc_maxVcodec1MixRes" : "8"}
            }
        },

        "iPhone9,1":
        {
            "all_ios_version" :
            {
                "engine_aec": {"aec_mode": "-2"},
                "engine_ns": {"ns_mode": "2"},
                "voip_subtype": {"subtype": "0"},
                "engine_spkec": {"spkec_mode": "0"},
                "engine_agc" : {"agc_mode" : "3", "agc_targetdb" : "3","agc_gaindb" : "0","agc_flag" : "3","agc_limiter" : "1"},
                "multi_aec" : {"aec_mode" : "6"},
                "multi_ns" : {"ns_mode" : "1"},
                "multi_agc" : {"agc_mode" : "3", "agc_targetdb" : "3","agc_gaindb" : "0","agc_flag" : "3","agc_limiter" : "1"},
                "voip_fullband": {"voip_fullbandflag" : "701"},
                "voip_videosetting": {"enc_maxVcodec2HwResDec" : "10","enc_maxI264ResDec" : "10","enc_maxVcodec1Res" : "8","enc_maxVcodec1MixRes" : "8"}
            }
        },

        "iPhone8,4":
        {
            "all_ios_version" :
            {
                "engine_spkec": {"spkec_mode": "0"},
                "engine_agc" : {"agc_mode" : "3", "agc_targetdb" : "3","agc_gaindb" : "0","agc_flag" : "3","agc_limiter" : "1"},
                "engine_ns": {"ns_mode": "2"},
                "multi_aec" : {"aec_mode" : "6"},
                "multi_ns" : {"ns_mode" : "1"},
                "multi_agc" : {"agc_mode" : "3", "agc_targetdb" : "3","agc_gaindb" : "0","agc_flag" : "3","agc_limiter" : "1"},
                "voip_fullband": {"voip_fullbandflag" : "701"}
            }
        },
        
        "iPhone8,3":
        {
            "all_ios_version" :
            {
                "engine_spkec": {"spkec_mode": "0"},
                "engine_agc" : {"agc_mode" : "3", "agc_targetdb" : "3","agc_gaindb" : "0","agc_flag" : "3","agc_limiter" : "1"},
                "engine_ns": {"ns_mode": "2"},
                "multi_aec" : {"aec_mode" : "6"},
                "multi_ns" : {"ns_mode" : "1"},
                "multi_agc" : {"agc_mode" : "3", "agc_targetdb" : "3","agc_gaindb" : "0","agc_flag" : "3","agc_limiter" : "1"}
            }
        },

        "iPhone8,2":
        {
            "all_ios_version" :
            {
                "engine_spkec": {"spkec_mode": "0"},
                "engine_ns": {"ns_mode": "2"},
                "engine_agc" : {"agc_mode" : "3", "agc_targetdb" : "3","agc_gaindb" : "0","agc_flag" : "3","agc_limiter" : "1"},
                "multi_aec" : {"aec_mode" : "6"},
                "multi_ns" : {"ns_mode" : "1"},
                "multi_agc" : {"agc_mode" : "3", "agc_targetdb" : "3","agc_gaindb" : "0","agc_flag" : "3","agc_limiter" : "1"},
                "voip_videosetting": {"enc_maxVcodec2HwRes" : "0", "enc_maxI264Res" : "8","enc_maxVcodec2SwRes" : "6","enc_maxVcodec2SwResDec" : "8","enc_maxVcodec1Res" : "6","enc_maxVcodec1ResDec" : "8","enc_maxVcodec1MixRes" : "6","enc_maxVcodec1MixResDec" : "8"}
            }
        },
        
        "iPhone8,1":
        {
            "all_ios_version" :
            {
                "engine_spkec": {"spkec_mode": "0"},
                "engine_ns": {"ns_mode": "2"},
                "engine_agc" : {"agc_mode" : "3", "agc_targetdb" : "3","agc_gaindb" : "0","agc_flag" : "3","agc_limiter" : "1"},
                "multi_aec" : {"aec_mode" : "6"},
                "multi_ns" : {"ns_mode" : "1"},
                "multi_agc" : {"agc_mode" : "3", "agc_targetdb" : "3","agc_gaindb" : "0","agc_flag" : "3","agc_limiter" : "1"},
                "voip_videosetting": {"enc_maxVcodec2HwRes" : "0", "enc_maxI264Res" : "8","enc_maxVcodec2SwRes" : "6","enc_maxVcodec2SwResDec" : "8","enc_maxVcodec1Res" : "6","enc_maxVcodec1ResDec" : "8","enc_maxVcodec1MixRes" : "6","enc_maxVcodec1MixResDec" : "8"}
            }
        },
        
        "iPhone7,2":
        {
            "all_ios_version" :
            {
                "engine_spkec": {"spkec_mode": "0"},
                "engine_ns": {"ns_mode": "2"},
                "engine_agc" : {"agc_mode" : "3", "agc_targetdb" : "3","agc_gaindb" : "0","agc_flag" : "3","agc_limiter" : "1"},
                "multi_aec" : {"aec_mode" : "-2"},
                "multi_ns" : {"ns_mode" : "1"},
                "voip_videosetting": {"enc_beauty" : "0", "enc_maxVcodec2HwRes" : "0"}
            }
        },

        "iPhone7,1":
        {
            "all_ios_version" :
            {
                "engine_spkec": {"spkec_mode": "29"},
                "engine_ns": {"ns_mode": "2"},
                "engine_agc" : {"agc_mode" : "3", "agc_targetdb" : "3","agc_gaindb" : "0","agc_flag" : "3","agc_limiter" : "1"},
                "multi_aec" : {"aec_mode" : "-2"},
                "multi_ns" : {"ns_mode" : "1"},
                "voip_videosetting": {"enc_beauty" : "0", "enc_maxVcodec2HwRes" : "0"}
            }
        },

        "iPhone6,2":
        {
            "all_ios_version" :
            {
                "multi_aec" : {"aec_mode" : "-2"}
            }
        },

        "iPhone6,1":
        {
            "all_ios_version" :
            {
                "multi_aec" : {"aec_mode" : "-2"}
            }
        },

        "iPhone5,4":
        {
            "all_ios_version" :
            {
                "multi_aec" : {"aec_mode" : "-2"}
            }
        },
        "iPhone5,3":
        {
            "all_ios_version" :
            {
                "multi_aec" : {"aec_mode" : "-2"}
            }
        },
        "iPhone5,2":
        {
            "all_ios_version" :
            {
                "multi_aec" : {"aec_mode" : "-2"}
            }
        },
        "iPhone5,1":
        {
            "all_ios_version" :
            {
                "multi_aec" : {"aec_mode" : "-2"}
            }
        },


        "iPad4,7":
        {
            "all_ios_version" :
            {
                "engine_spkec": {"spkec_mode": "0"},
                "engine_agc" : {"agc_mode" : "3", "agc_targetdb" : "3","agc_gaindb" : "6","agc_flag" : "3","agc_limiter" : "1"},
                "multi_aec" : {"aec_mode" : "-2"}
            }
        },

        "iPad4,8":
        {
            "all_ios_version" :
            {
                "engine_spkec": {"spkec_mode": "0"},
                "engine_agc" : {"agc_mode" : "3", "agc_targetdb" : "3","agc_gaindb" : "6","agc_flag" : "3","agc_limiter" : "1"},
                "multi_aec" : {"aec_mode" : "-2"}
            }
        },

        "iPad4,9":
        {
            "all_ios_version" :
            {
                "engine_spkec": {"spkec_mode": "0"},
                "engine_agc" : {"agc_mode" : "3", "agc_targetdb" : "3","agc_gaindb" : "6","agc_flag" : "3","agc_limiter" : "1"},
                "multi_aec" : {"aec_mode" : "-2"}
            }
        },

        "iPad5,3":
        {
            "all_ios_version" :
            {
                "engine_spkec": {"spkec_mode": "0"},
                "engine_agc" : {"agc_mode" : "3", "agc_targetdb" : "3","agc_gaindb" : "6","agc_flag" : "3","agc_limiter" : "1"},
                "multi_aec" : {"aec_mode" : "-2"}
            }
        },

        "iPad5,4":
        {
            "all_ios_version" :
            {
                "engine_spkec": {"spkec_mode": "0"},
                "engine_agc" : {"agc_mode" : "3", "agc_targetdb" : "3","agc_gaindb" : "6","agc_flag" : "3","agc_limiter" : "1"},
                "multi_aec" : {"aec_mode" : "-2"}
            }
        },

        "all_platform" :
        {
            "all_ios_version" :
            {
                "engine_spkec" : {"spkec_mode" : "0"}
            }
        }
    }
	]
}
