<hosts>
    <mapping src="long.weixin.qq.com" redirect="sglong.wechat.com"/>
    <mapping src="short.weixin.qq.com" redirect="sgshort.wechat.com"/>
    <mapping src="wx.qq.com" redirect="wx.qq.com"/>
    <mapping src="support.weixin.qq.com" redirect="sgsupport.wechat.com"/>
    <mapping src="extshort.weixin.qq.com" redirect="sgextshort.wechat.com"/>
    <mapping src="minorshort.weixin.qq.com" redirect="sgminorshort.wechat.com"/>
    <mapping src="short.pay.weixin.qq.com" redirect="sgshort.pay.wechat.com"/>
    <mapping src="newyear.weixin.qq.com" redirect="newyear.weixin.qq.com"/>
    <mapping src="short6.weixin.qq.com" redirect="sgshort6.wechat.com"/>
    <mapping src="shdisas.weixin.qq.com" redirect="sgdisas.wechat.com"/>
    <mapping src="axshort.weixin.qq.com" redirect="sgaxshort.wechat.com"/>
    <mapping src="shbooster.weixin.qq.com" redirect="sgbooster.wechat.com"/>
    <mapping src="quic.weixin.qq.com" redirect="sgquic.wechat.com"/>
    <mapping src="minorlong.weixin.qq.com" redirect="sgminorlong.wechat.com"/>
    <mapping src="findershort.weixin.qq.com" redirect="sgfindershort.wechat.com"/>
    <mapping src="localhost" redirect="localhost"/>
</hosts>
