<hosts>
    <mapping src="long.weixin.qq.com" redirect="hklong.weixin.qq.com"/>
    <mapping src="short.weixin.qq.com" redirect="hkshort.weixin.qq.com"/>
    <mapping src="wx.qq.com" redirect="web.wechatapp.com"/>
    <mapping src="support.weixin.qq.com" redirect="hksupport.weixin.qq.com"/>
    <mapping src="extshort.weixin.qq.com" redirect="hkextshort.weixin.qq.com"/>
    <mapping src="minorshort.weixin.qq.com" redirect="hkminorshort.weixin.qq.com"/>
    <mapping src="short.pay.weixin.qq.com" redirect="hkshort.pay.weixin.qq.com"/>
    <mapping src="newyear.weixin.qq.com" redirect="newyear.weixin.qq.com"/>
    <mapping src="short6.weixin.qq.com" redirect="hkshort6.weixin.qq.com"/>
    <mapping src="shdisas.weixin.qq.com" redirect="hkdisas.weixin.qq.com"/>
    <mapping src="axshort.weixin.qq.com" redirect="hkaxshort.weixin.qq.com"/>
    <mapping src="shbooster.weixin.qq.com" redirect="hkbooster.weixin.qq.com"/>
    <mapping src="quic.weixin.qq.com" redirect="hkquic.weixin.qq.com"/>
    <mapping src="minorlong.weixin.qq.com" redirect="hkminorlong.weixin.qq.com"/>
    <mapping src="findershort.weixin.qq.com" redirect="hkfindershort.weixin.qq.com"/>
    <mapping src="localhost" redirect="localhost"/>
</hosts>
