<sysmsg type="dynacfg"><dynacfg><Item key="AVItemSightDisable">0</Item><Item key="AffiliatedAcctForgetPwdUrl"><![CDATA[https://weixin110.qq.com/security/newreadtemplate?t=findpasswd/index&from=sec&jmpesc=hjkl]]></Item><Item key="AndroidCleanSnsDb">1</Item><Item key="AndroidCursorModePercentage">50</Item><Item key="AndroidDBBackupMaxDBSizeMB">4192</Item><Item key="AndroidDBBackupPercentage">80</Item><Item key="AndroidDynamicConfigVer">7</Item><Item key="AndroidIndoorSensorReport">60,20000,3000,1000,20,8,1;113.3271;23.1322,2;113.3271;23.1321,1;113.3171;23.1404,2;113.3172;23.1403,1;113.3324;23.1342,2;113.3323;23.1342,1;113.3246;23.1000,2;113.3246;23.1000,</Item><Item key="AndroidNewSyncService3">100</Item><Item key="AndroidSenseWhereArgs"><![CDATA[100;5000;5000;30000;3600]]></Item><Item key="AndroidUseUnicodeEmoji">0</Item><Item key="AndroidUseWorkerAuthCache">101</Item><Item key="AppleWatchSnsThumbUrlSuffix"><![CDATA[w=80&h=80&s=1]]></Item><Item key="AppleWatchSnsUrlSuffix"><![CDATA[w=312&h=312&s=1]]></Item><Item key="AppleWatchSnsUrlSwitch">1</Item><Item key="AssociateChatRoomLocalCheckMaxMemberCount">500</Item><Item key="AutoAddFriendShow">0</Item><Item key="BBMBindPage">0</Item><Item key="BBMContactUpload">100</Item><Item key="BizEnableWebpUrl">http://mmbiz.qpic.cn;https://mmbiz.qlogo.cn</Item><Item key="C2CAudioBitRateL1">48</Item><Item key="C2CEmojiNotAutoDownloadTimeRange"><![CDATA[00:00-23:59]]></Item><Item key="C2CImgNotAutoDownloadTimeRange"><![CDATA[18:00-23:30]]></Item><Item key="C2CImgWINNotAutoDownloadTimeRange"><![CDATA[18:00-23:30]]></Item><Item key="C2CMaxPreloadVideo">100</Item><Item key="C2COverloadDelaySeconds">10</Item><Item key="C2CSightNotAutoDownloadTimeRange"><![CDATA[00:00-23:59]]></Item><Item key="C2CVideoBitRateL1">544</Item><Item key="C2CVideoDownloadPeakTimeRange"><![CDATA[00:00-23:59]]></Item><Item key="C2CVideoFrameRateL1">24</Item><Item key="C2CVideoIFrameIntervalL1">90</Item><Item key="C2CVideoNotAutoDownloadTimeRange"><![CDATA[18:00-23:15]]></Item><Item key="C2CVideoPresetL1">faster</Item><Item key="C2CVideoProfileL1">High</Item><Item key="C2CVideoResolutionL1">640:480</Item><Item key="ChatImgAutoDownload">3</Item><Item key="ChatImgAutoDownloadMax">1000</Item><Item key="ChatRoomEnableLive">0</Item><Item key="ChatRoomEnableLive_PC_Anchor">0</Item><Item key="ChatRoomEnableLive_PC_Audience">1</Item><Item key="ChatRoomInviteStartCount">40</Item><Item key="ChatRoomOwnerModAnnouncement">100</Item><Item key="ChatRoomOwnerModTopic">100</Item><Item key="ChatroomDonateSwitch">0</Item><Item key="ChatroomGlobalSwitch">1</Item><Item key="ClientBenchmarkLevel">-1</Item><Item key="CompressMidPicLevel">52</Item><Item key="CompressMidPicSize">800</Item><Item key="CompressPicLevelFor2G">30</Item><Item key="CompressPicLevelFor3G">30</Item><Item key="CompressPicLevelForWifi">50</Item><Item key="CompressResolutionFor2G">1280*1080</Item><Item key="CompressResolutionFor3G">1280*1080</Item><Item key="CompressResolutionForWifi">1280*1080</Item><Item key="DNSAdvanceOpen">1</Item><Item key="DNSAdvanceRelateDomain"><![CDATA[<DNSAdvanceRelateDomain><RelateDomain domain="mp.weixin.qq.com"><Relate>res.wx.qq.com</Relate></RelateDomain><RelateDomain domain="pay.weixin.qq.com"><Relate>res.wx.qq.com</Relate></RelateDomain><RelateDomain domain="wx.tenpay.com"><Relate>res.wx.qq.com</Relate></RelateDomain><RelateDomain domain="game.weixin.qq.com"><Relate>res.wx.qq.com</Relate><Relate>mmocgame.qpic.cn</Relate><Relate>wximg.gtimg.com</Relate><Relate>wximg.qq.com</Relate><Relate>p.qpic.cn</Relate></RelateDomain></DNSAdvanceRelateDomain>]]></Item><Item key="DeviceAutoSyncClose">0</Item><Item key="DeviceAutoSyncDuration">60</Item><Item key="DeviceAutoSyncInterval">7200</Item><Item key="DeviceSportsStepInterval">500</Item><Item key="DeviceTimingSyncBeginTime"><![CDATA[21:30]]></Item><Item key="DeviceTimingSyncEndTime"><![CDATA[22:00]]></Item><Item key="DeviceTimingSyncOpen">1</Item><Item key="DisableSendPat">0</Item><Item key="EmotionRewardOption">1</Item><Item key="EmotionRewardTipsLimit"><![CDATA[30,20,60]]></Item><Item key="EmotionSpringFestivalPendantSwitch">0</Item><Item key="EnableCDNUploadImg">1</Item><Item key="EnableCDNVerifyConnect">1</Item><Item key="EnableCDNVideoRedirectOC">1</Item><Item key="EnableEmoticonExternUrl">2</Item><Item key="EnableForgroundService">101</Item><Item key="EnableFtsFastIndexing">1</Item><Item key="EnableFtsMsgMemSearch">1</Item><Item key="EnableMMBitmapFactoryProb">101</Item><Item key="EnableStreamUploadVideo">1</Item><Item key="ExposeH5Switch">1</Item><Item key="ExtFunctionSwitchEntry">1</Item><Item key="FinderCommentAutoExpandSubcommentList">1</Item><Item key="FinderCommentListPreloadCount">5</Item><Item key="FinderCommentNickNameMaxLength">6</Item><Item key="FinderCommentShowBlacklist">1</Item><Item key="FinderCommentTextLimit">1600</Item><Item key="FinderExtendedReadingPrefix"><![CDATA[https://mp.weixin.qq.com;http://mp.weixin.qq.com;https://game.weixin.qq.com;https://support.weixin.qq.com]]></Item><Item key="FinderFastEnterTime">0</Item><Item key="FinderFeedCompressPicLevel">80</Item><Item key="FinderFeedCompressResolution">1080*1260</Item><Item key="FinderGetLiveMsgDisasterRetryInterval">5</Item><Item key="FinderHeadCompressPicLevel">70</Item><Item key="FinderHeadCompressResolution">1080*1080</Item><Item key="FinderLiveFeedbackNotInterestedSwitch">1</Item><Item key="FinderLiveJoinLiveInvisiableSwitch">0</Item><Item key="FinderLiveLotteryPromptAttendTypeCompatibility">0</Item><Item key="FinderLiveSyncExtraInfoMergeInterval">1</Item><Item key="FinderLiveSyncExtraInfoMinSleepInterval">10</Item><Item key="FinderLiveTopCommentDisplayTimeSec">10</Item><Item key="FinderMaxTopicCount">1000</Item><Item key="FinderMediaPublishTextLimit">1000</Item><Item key="FinderMentionInputStopTokenList"><![CDATA[\n_\s_\t_#_@_,_，_。_&]]></Item><Item key="FinderMiaoJianAppstoreSchemeSameStyle"><![CDATA[https://apps.apple.com/app/apple-store/id1530922601?pt=69276&ct=channels1&mt=8]]></Item><Item key="FinderMineTabProfileEntranceShouldClose">0</Item><Item key="FinderNearbyLiveSwitch">0</Item><Item key="FinderNewFollowTipsEnterInterval">0</Item><Item key="FinderNewLiveEntryOnTopStorySwitch">0</Item><Item key="FinderNewLiveEntrySwitch">0</Item><Item key="FinderNewMsgTipsEnterInterval">0</Item><Item key="FinderOpenShareListFeedsIgnoreLimitedSwitch">1</Item><Item key="FinderPoiJumpTopicSwitch">1</Item><Item key="FinderPrefetchFilterMinFeedCount">1</Item><Item key="FinderPrefetchStreamSwitch">0</Item><Item key="FinderProfileBgImgCompressPicLevel">70</Item><Item key="FinderProfileBgImgCompressResolution">1080*1080</Item><Item key="FinderProfileCoverSettingShowEntrance">1</Item><Item key="FinderPublishVideoConfig">[{"time":"00:00-23:59","abr":"128","intval":"90","prof":"2","preset":"1","conf":[{"wh":"1080x1260","fps":"60","vbr":"3000"}]}]</Item><Item key="FinderRecordVideoConfig">[{"time":"00:00-23:59","abr":"128","intval":"90","prof":"2","preset":"1","conf":[{"wh":"1080x1260","fps":"60","vbr":"3000"}]}]</Item><Item key="FinderSelectVideoMaxDuration">60</Item><Item key="FinderShareDetailCommentButtonShow">0</Item><Item key="FinderShareDetailCommentListShow">0</Item><Item key="FinderShowOriginalCertificationUrl"><![CDATA[http://channels.weixin.qq.com/mobile/original_plan.html#/]]></Item><Item key="FinderShowWhatsNew">0</Item><Item key="FinderSuggestTagViewShow">0</Item><Item key="FinderThumbUseLowCompressMethod">0</Item><Item key="FinderTimelineEntry">0</Item><Item key="FinderTopicInputStopTokenList"><![CDATA[\n_\s_\t_#_@_,_，_._。]]></Item><Item key="FinderTopicTextLimit">1000</Item><Item key="FinderVideoDownloadSec">1</Item><Item key="FinderVideoMaxLimitDuration">60</Item><Item key="FinderVideoPreloadMinBytes">2096128</Item><Item key="FinderVideoPreloadSec">5</Item><Item key="FinderWXProfileAuthInfoSwitch">0</Item><Item key="FinderWxNameCardFinderAndRecentLikeFinderClose">0</Item><Item key="FtsFastIndexingThd">30</Item><Item key="GetV6StrangerReqInfoMaxCount">10</Item><Item key="HideGameCenter">0</Item><Item key="IMEmoji"><![CDATA[{"default":["/:strong","[Worship]","/:heart","[Facepalm]","/::D","[Doge]","[666]","/:hug"]}]]></Item><Item key="InputLimitFavFileSize">209715200</Item><Item key="InputLimitFavImageSize">26214400</Item><Item key="InputLimitFavNotesSize">1073741824</Item><Item key="InputLimitFavText">10000</Item><Item key="InputLimitFavVideoSize">209715200</Item><Item key="InputLimitFavVoiceLength">3600</Item><Item key="InputLimitFileSize">26214400</Item><Item key="InputLimitForbiddenChar"><![CDATA[<>/]]></Item><Item key="InputLimitSNSObjectText">2000</Item><Item key="InputLimitSendAppMsgEmotionBufSize">10485760</Item><Item key="InputLimitSendEmotionBufSize">1048576</Item><Item key="InputLimitSendEmotionWidth">1024</Item><Item key="InputLimitSessionShortVideoBufSize">2097152</Item><Item key="InputLimitSessionTextMsg">16384</Item><Item key="InputLimitTextVisualHeight">3000</Item><Item key="InputLimitVideoSize">20971520</Item><Item key="Interval4ShowPmsDialog">3600000</Item><Item key="InviteFriendsControlFlags">7</Item><Item key="InviteFriendsInviteFlags">31</Item><Item key="InviteFriendsWordingFlags">65535</Item><Item key="JDEntranceConfigName">购物</Item><Item key="LifeAppLatestVersionValue">20</Item><Item key="LifeAppPrefetchTimeThreshold">259200</Item><Item key="ListenEntry">0</Item><Item key="MMBatchModContactTypeMaxNumForClient">30</Item><Item key="MMBatchModContactTypeMaxNumForServer">30</Item><Item key="MMDirectCreateAssociateChatRoomSwitch">1</Item><Item key="MMForwardUpgradeChatRoomSwitch">0</Item><Item key="MMUxAdLog2GSendSize">20480</Item><Item key="MMUxAdLog3GSendSize">30720</Item><Item key="MMUxAdLogMaxExceptionTime">43200</Item><Item key="MMUxAdLogMaxRandTime">300</Item><Item key="MMUxAdLogMinRandTime">60</Item><Item key="MMUxAdLogWifiSendSize">51200</Item><Item key="MiniGWhatsNewClientVersion">3</Item><Item key="MiniGWhatsNewEnable">1</Item><Item key="MiniGWhatsNewSlogan"><![CDATA[玩一个小游戏才是正经事]]></Item><Item key="MsgSyncSwitch">0</Item><Item key="MultitalkBlockCaller">0</Item><Item key="MultitalkBlockReceiver">0</Item><Item key="OnlyScanRunningService">0</Item><Item key="OpenImKefuContactUpdateInterval_Second">86400</Item><Item key="PCFinderEntryExposeReportInterval">300</Item><Item key="PCFinderEntryXlabSwitch">0</Item><Item key="PCFinderRecommendPreloadInterval">21600</Item><Item key="POICreateForbiden">0</Item><Item key="PatSuffixMaxByte">20</Item><Item key="PatternLockTimeInterval">300</Item><Item key="PicTranslationSupportUserLanguage"><![CDATA[zh_CN;en]]></Item><Item key="PlayCoinSound">1</Item><Item key="PreLoadVideoExpiredTime">3</Item><Item key="ProgJPEGDownloadSizeLimit">35</Item><Item key="ProgJPEGUploadSizeLimit2G">100</Item><Item key="ProgJPEGUploadSizeLimit3G">100</Item><Item key="ProgJPEGUploadSizeLimitWifi">100</Item><Item key="ReportRingBackRequestInfoMaxCount">10</Item><Item key="RoomLimitWatchMemberMax">4</Item><Item key="SIGHTAutoLoadNetwork">1</Item><Item key="SIGHTCannotTransmitForFav">0</Item><Item key="SIGHTSessionAutoLoadNetwork">3</Item><Item key="SNSOverloadDelaySeconds">60</Item><Item key="Show3rdTools">0</Item><Item key="ShowAPPSuggestion">0</Item><Item key="ShowDownloadTipsTimesForTMAssist">6</Item><Item key="ShowNewMsgTips">0</Item><Item key="ShowPermissionDialog">1</Item><Item key="ShowRevokeMsgEntry">1</Item><Item key="ShowSecurityEntry">0</Item><Item key="ShowShakeTV">1</Item><Item key="ShowUnbindPhone">0</Item><Item key="SightForwardEnable">1</Item><Item key="SightRecordHighEndCpuList">["Qualcomm Technologies, Inc MSM8994", "Qualcomm Technologies, Inc MSM8996", "Qualcomm Technologies, Inc MSM8996pro", "Hisilicon Kirin 955"]</Item><Item key="SignallingMask">SendMsg,QRCode</Item><Item key="SilentDownloadApkAtWiFi">0</Item><Item key="SnSPreLoadVideoExpiredTime">3</Item><Item key="SnsAdNotifyCommentTimeLimit">1814400</Item><Item key="SnsAdNotifyLikeTimeLimit">1814400</Item><Item key="SnsAdNotifyLimit">40</Item><Item key="SnsCommentMaxSize">1000</Item><Item key="SnsCompressPicLevelFor2G">0</Item><Item key="SnsCompressPicLevelFor3G">0</Item><Item key="SnsCompressPicLevelForWifi">0</Item><Item key="SnsCompressResolution1080PFor2G">1440*1440</Item><Item key="SnsCompressResolution1080PFor3G">1440*1440</Item><Item key="SnsCompressResolution1080PForWifi">1440*1440</Item><Item key="SnsCompressResolutionFor2G">1440*1080</Item><Item key="SnsCompressResolutionFor3G">1440*1080</Item><Item key="SnsCompressResolutionFor4G">1440*1080</Item><Item key="SnsCompressResolutionForWifi">1440*1080</Item><Item key="SnsHEVCSwitch">1</Item><Item key="SnsImgDownloadConcurrentCountForNotWifi"><![CDATA[00:00-19:30-1-3;19:30-23:00-1-2;23:00-23:59-1-3]]></Item><Item key="SnsImgDownloadConcurrentCountForWifi"><![CDATA[00:00-19:30-3-6;19:30-23:00-1-3;23:00-23:59-3-6]]></Item><Item key="SnsImgPreLoadingAroundTimeLimit">20:00-23:59;00:00-00:30</Item><Item key="SnsImgPreLoadingInterval">20</Item><Item key="SnsImgPreLoadingSmallImage">1</Item><Item key="SnsImgPreLoadingTimeLimit"><![CDATA[20:00-23:59;00:00-00:30]]></Item><Item key="SnsMaxPreloadVideo">100</Item><Item key="SnsPreLoadingVideo">1</Item><Item key="SnsSightNoAutoDownload"><![CDATA[20160207170000,20160208030000]]></Item><Item key="SnsSightNotAutoDownloadTimeRange"><![CDATA[00:00-23:59]]></Item><Item key="SnsSync2FacebookEntrance">1</Item><Item key="SnsTiger2022Enabled">0</Item><Item key="SnsTiger2022LivePopUp">0</Item><Item key="SnsTiger2022ReplySpecialEffectsEnabled">0</Item><Item key="SnsVideoDefaultTemplate">{"tpls":[{"id":"mv_blurtest","desc_ver":2000000006}]}</Item><Item key="SnsVideoTemplateCdnDownloadDisabled">0</Item><Item key="SnsVideoTemplateEnabled">0</Item><Item key="SnsVideoTemplateMiaojianRecommendEnabled">1</Item><Item key="SnsVideoTemplateUseSameTemplateEnabled">1</Item><Item key="SnsVideoTemplateVideoConfig">[{"time":"00:00-23:59","abr":"48","intval":"90","prof":"2","preset":"1","conf":[{"wh":"720x1280","fps":"30","vbr":"2000"}]}]</Item><Item key="SnsWXPCSwitch">1</Item><Item key="SnsWebpCompressPicLevelFor2G">60</Item><Item key="SnsWebpCompressPicLevelFor3G">60</Item><Item key="SnsWebpCompressPicLevelForWifi">70</Item><Item key="SoSoMapInstallUrl"><![CDATA[http://mapdownload.map.qq.com/?key=wx&referer=wx1&channel=00008]]></Item><Item key="TextStatusShowRedEnvelopeEntry">1</Item><Item key="ThresholdToCleanLocation">10</Item><Item key="TopRightMenu1"><![CDATA[<Menu id="1" shownew="0" seq="3" order="200"/>]]></Item><Item key="TopRightMenu10"><![CDATA[<Menu id="10" shownew="0" seq="3" order="300"/>]]></Item><Item key="TopRightMenu2"><![CDATA[<Menu id="2" shownew="0" seq="3" order="100"/>]]></Item><Item key="TopRightMenus"><![CDATA[<TopRightMenus> <Menu id="2" shownew="0" seq="3"/><Menu id="1" shownew="0" seq="3"/><Menu id="10" shownew="0" seq="3"/></TopRightMenus>]]></Item><Item key="TrustedFriendFuncEntry">1</Item><Item key="TypingInterval">2</Item><Item key="TypingTrigger">-2</Item><Item key="UseAesGcmSessionKeyCgiList"><![CDATA[302,681,138]]></Item><Item key="UseAesGcmSessionKeySwitch">0</Item><Item key="UseOptImage">100</Item><Item key="UseOptImageRecv">100</Item><Item key="UseVideoHash">100,100,30</Item><Item key="VOIPBlockIgnoreButton">1</Item><Item key="VOIPCallType">0</Item><Item key="VOIPCameraSwitch">1</Item><Item key="VOIPShortcutAutoadd">1</Item><Item key="VideoDownloadH265Flag">0</Item><Item key="VoiceCdnDownloadSwitch">0</Item><Item key="VoiceCdnUploadSwitch">0</Item><Item key="VoiceFormat">4</Item><Item key="VoiceRate">16000</Item><Item key="VoiceRecognizeSprDataMD5"><![CDATA[61bef2b00d87c5f4bf55666c3ef3f273]]></Item><Item key="VoiceRecognizeSprSoMD5"><![CDATA[a0307221c98a725c755bd197d0c7e77c;28fa1b6ba9581e3d4371d6838b31ee9a;c4043dbb3c8e9fd2f275e98c8ddc82fb]]></Item><Item key="VoiceSamplingRate">16000</Item><Item key="VoiceVOIPSwitch">2</Item><Item key="VoiceprintEntry">1</Item><Item key="VoipTimeLogicValue">-1</Item><Item key="VoipUseCallKitSwitch">1</Item><Item key="WCOAccountDetailSwitch">0</Item><Item key="WCOEntranceRedDot">0</Item><Item key="WCOEntranceSwitch">0</Item><Item key="WCOInviteFriend">1</Item><Item key="WCOMaxTimesForShowFeedback">1</Item><Item key="WCOMaxTimesForTryShowWcoMainFromVoip">0</Item><Item key="WCOOpenGiftCardEntranceSwitch">1</Item><Item key="WakenPushDeepLinkBitSet">262148</Item><Item key="WeAppForbiddenSwitch">0</Item><Item key="WeChatOutBalanceBottomHiden">1</Item><Item key="WeChatOutCountryCodeRestrictionPackageID">10000</Item><Item key="WeChatOutTopCountryCode"><![CDATA[1,65,86,44,60,971,91,33]]></Item><Item key="WeChatSafeCenterUrl"><![CDATA[https://weixin110.qq.com/security/readtemplate?t=w_security_center_website/index&wechat_real_lang=zh_CN]]></Item><Item key="WebKernelMode">1</Item><Item key="WebViewFlowControl">2</Item><Item key="XwebBatchTranslateMaxByteLength">2000</Item><Item key="XwebBatchTranslateMaxCnt">100</Item><Item key="showRecvTmpMsgBtn">0</Item><Item key="weixincall_ios_installurl"><![CDATA[http://dianhua.qq.com/cgi-bin/cloudgrptemplate?t=dianhuaben_download&channel=100008]]></Item><Item key="weixincall_ios_scheme"><![CDATA[sharecalllog://]]></Item><Item key="weixincall_show">1</Item><Item key="MMBizAttrSyncFreq">300</Item><Item key="ScanBookWording"><![CDATA[title=封面/电影海报&buttonTitle=封面&tip=将书、CD、电影海报放入框内，即可自动扫描]]></Item><Item key="DynacfgSendTime">1648815192</Item></dynacfg></sysmsg>